{"materials":[{"id":686,"path":"Resources/unity_builtin_extra\\Default-Material","assetBundleId":-2,"data":["Default-Material",0,66,2000,0,[["_Cutoff",0.5],["_Glossiness",0.5],["_GlossMapScale",1],["_SmoothnessTextureChannel",0],["_Metallic",0],["_SpecularHighlights",1],["_GlossyReflections",1],["_BumpScale",1],["_Parallax",0.0199999995529652],["_OcclusionStrength",1],["_DetailNormalMapScale",1],["_UVSec",0],["_Mode",0],["_SrcBlend",1],["_DstBlend",0],["_ZWrite",1]],[["_Color",1,1,1,1],["_EmissionColor",0,0,0,0.999999940395355]],[["_MainTex_ST",1,1,0,0],["_MetallicGlossMap_ST",1,1,0,0],["_BumpMap_ST",1,1,0,0],["_ParallaxMap_ST",1,1,0,0],["_OcclusionMap_ST",1,1,0,0],["_EmissionMap_ST",1,1,0,0],["_DetailMask_ST",1,1,0,0],["_DetailAlbedoMap_ST",1,1,0,0],["_DetailNormalMap_ST",1,1,0,0]],[["_MainTex",null,null],["_MetallicGlossMap",null,null],["_BumpMap",null,null],["_ParallaxMap",null,null],["_OcclusionMap",null,null],["_EmissionMap",null,null],["_DetailMask",null,null],["_DetailAlbedoMap",null,null],["_DetailNormalMap",null,null]],[["_EMISSION",1]]]},{"id":688,"path":"Resources/unity_builtin_extra\\Default-Skybox","assetBundleId":-2,"data":["Default-Skybox",0,152,1000,0,[["_SunDisk",1],["_SunSize",0.0399999991059303],["_SunSizeConvergence",5],["_AtmosphereThickness",1],["_Exposure",1.29999995231628]],[["_SkyTint",0.5,0.5,0.5,1],["_GroundColor",0.36899995803833,0.348999977111816,0.340999931097031,1]],[],[],[["_SUNDISK_SIMPLE",1]]]}],"shaders":[{"id":70,"assetBundleId":-2,"data":[[],"Legacy Shaders/VertexLit",null,["FOG_EXP","FOG_EXP2","FOG_LINEAR","POINT","SPOT","SHADOWS_DEPTH","STEREO_CUBEMAP_RENDER_ON","STEREO_INSTANCING_ON","STEREO_MULTIVIEW_ON","UNITY_SINGLE_PASS_STEREO","_","__","INSTANCING_ON","SHADOWS_CUBE"],[[0,0,"",1,"",0,[4,null],[1,null],[2,null],[[1,null],[0,null],[0,null]],[[1,null],[0,null],[0,null]],[15,null],[0,null],[0,null],[0,null],[255,null],[255,null],[[0,null],[0,null],[0,null],[8,null]],[[0,null],[0,null],[0,null],[8,null]],[[0,null],[0,null],[0,null],[8,null]],[["LIGHTMODE","Vertex"],["RenderType","Opaque"]],["FOG_EXP","FOG_EXP2","FOG_LINEAR","POINT","SPOT","STEREO_CUBEMAP_RENDER_ON","STEREO_INSTANCING_ON","STEREO_MULTIVIEW_ON","UNITY_SINGLE_PASS_STEREO","_"],[],[],[],0],[1,0,"",2,"",0,[4,null],[1,null],[2,null],[[1,null],[0,null],[0,null]],[[1,null],[0,null],[0,null]],[15,null],[0,null],[0,null],[0,null],[255,null],[255,null],[[0,null],[0,null],[0,null],[8,null]],[[0,null],[0,null],[0,null],[8,null]],[[0,null],[0,null],[0,null],[8,null]],[["LIGHTMODE","VertexLM"],["RenderType","Opaque"]],["FOG_EXP","FOG_EXP2","FOG_LINEAR","STEREO_CUBEMAP_RENDER_ON","STEREO_INSTANCING_ON","STEREO_MULTIVIEW_ON","UNITY_SINGLE_PASS_STEREO","__"],[],[],[],0],[2,0,"ShadowCaster",8,"",0,[4,null],[1,null],[2,null],[[1,null],[0,null],[0,null]],[[1,null],[0,null],[0,null]],[15,null],[0,null],[0,null],[0,null],[255,null],[255,null],[[0,null],[0,null],[0,null],[8,null]],[[0,null],[0,null],[0,null],[8,null]],[[0,null],[0,null],[0,null],[8,null]],[["LIGHTMODE","SHADOWCASTER"],["RenderType","Opaque"],["SHADOWSUPPORT","true"]],["INSTANCING_ON","SHADOWS_CUBE","SHADOWS_DEPTH","STEREO_CUBEMAP_RENDER_ON","STEREO_INSTANCING_ON","STEREO_MULTIVIEW_ON","UNITY_SINGLE_PASS_STEREO","__"],[],[],[],0]],[],[["_Color",0,1,1,1,1,"",0],["_SpecColor",0,1,1,1,1,"",0],["_Emission",0,0,0,0,0,"",0],["_Shininess",3,0.699999988079071,0.00999999977648258,1,0,"",0],["_MainTex",4,0,0,0,0,"white",0]],null,null,0,0,0]},{"id":28,"assetBundleId":-2,"data":[[],"UI/Default",null,["UNITY_UI_ALPHACLIP","UNITY_UI_CLIP_RECT","STEREO_CUBEMAP_RENDER_ON","STEREO_INSTANCING_ON","STEREO_MULTIVIEW_ON","UNITY_SINGLE_PASS_STEREO","_"],[[0,0,"Default",0,"",0,[0,"unity_GUIZTestMode"],[0,null],[0,null],[[1,null],[10,null],[0,null]],[[1,null],[10,null],[0,null]],[0,"_ColorMask"],[0,null],[0,null],[0,"_Stencil"],[0,"_StencilReadMask"],[0,"_StencilWriteMask"],[[0,"_StencilOp"],[0,null],[0,null],[0,"_StencilComp"]],[[0,null],[0,null],[0,null],[8,null]],[[0,null],[0,null],[0,null],[8,null]],[["CanUseSpriteAtlas","true"],["IGNOREPROJECTOR","true"],["PreviewType","Plane"],["QUEUE","Transparent"],["RenderType","Transparent"]],["STEREO_CUBEMAP_RENDER_ON","STEREO_INSTANCING_ON","STEREO_MULTIVIEW_ON","UNITY_SINGLE_PASS_STEREO","UNITY_UI_ALPHACLIP","UNITY_UI_CLIP_RECT","_"],[],[[0,0,[],0,1,0,0],[0,0,[],2,3,1,0]],[],0]],[],[["_MainTex",4,0,0,0,0,"white",2],["_Color",0,1,1,1,1,"",0],["_StencilComp",2,8,0,0,0,"",0],["_Stencil",2,0,0,0,0,"",0],["_StencilOp",2,0,0,0,0,"",0],["_StencilWriteMask",2,255,0,0,0,"",0],["_StencilReadMask",2,255,0,0,0,"",0],["_ColorMask",2,15,0,0,0,"",0],["_UseUIAlphaClip",2,0,0,0,0,"",0]],null,null,0,0,0]},{"id":152,"assetBundleId":-2,"data":[[],"Skybox/Procedural",null,["_SUNDISK_HIGH_QUALITY","_SUNDISK_NONE","_SUNDISK_SIMPLE","STEREO_CUBEMAP_RENDER_ON","STEREO_INSTANCING_ON","STEREO_MULTIVIEW_ON","UNITY_SINGLE_PASS_STEREO"],[[0,0,"",0,"",0,[4,null],[0,null],[0,null],[[1,null],[0,null],[0,null]],[[1,null],[0,null],[0,null]],[15,null],[0,null],[0,null],[0,null],[255,null],[255,null],[[0,null],[0,null],[0,null],[8,null]],[[0,null],[0,null],[0,null],[8,null]],[[0,null],[0,null],[0,null],[8,null]],[["PreviewType","Skybox"],["QUEUE","Background"],["RenderType","Background"]],["STEREO_CUBEMAP_RENDER_ON","STEREO_INSTANCING_ON","STEREO_MULTIVIEW_ON","UNITY_SINGLE_PASS_STEREO","_SUNDISK_HIGH_QUALITY","_SUNDISK_NONE","_SUNDISK_SIMPLE"],[],[[0,0,["_SUNDISK_SIMPLE"],4,5,0,0],[0,0,["_SUNDISK_SIMPLE"],6,7,1,0]],[],0]],[],[["_SunDisk",2,2,0,0,0,"",0],["_SunSize",3,0.0399999991059303,0,1,0,"",0],["_SunSizeConvergence",3,5,1,10,0,"",0],["_AtmosphereThickness",3,1,0,5,0,"",0],["_SkyTint",0,0.5,0.5,0.5,1,"",0],["_GroundColor",0,0.368999987840652,0.349000006914139,0.340999990701675,1,"",0],["_Exposure",3,1.29999995231628,0,8,0,"",0]],null,null,0,0,0]},{"id":46,"assetBundleId":-2,"data":[[],"Hidden/BlitCopy",null,["STEREO_CUBEMAP_RENDER_ON","STEREO_INSTANCING_ON","STEREO_MULTIVIEW_ON","UNITY_SINGLE_PASS_STEREO"],[[0,0,"",0,"",0,[8,null],[0,null],[0,null],[[1,null],[0,null],[0,null]],[[1,null],[0,null],[0,null]],[15,null],[0,null],[0,null],[0,null],[255,null],[255,null],[[0,null],[0,null],[0,null],[8,null]],[[0,null],[0,null],[0,null],[8,null]],[[0,null],[0,null],[0,null],[8,null]],[],["STEREO_CUBEMAP_RENDER_ON","STEREO_INSTANCING_ON","STEREO_MULTIVIEW_ON","UNITY_SINGLE_PASS_STEREO"],[],[],[],0]],[],[["_MainTex",4,0,0,0,0,"",0],["_Color",0,1,1,1,1,"",0]],null,null,0,0,0]},{"id":66,"assetBundleId":-2,"data":[[],"Standard",null,["DIRECTIONAL","DIRLIGHTMAP_COMBINED","FOG_EXP","FOG_EXP2","FOG_LINEAR","LIGHTMAP_ON","LIGHTPROBE_SH","SHADOWS_SCREEN","SHADOWS_SHADOWMASK","VERTEXLIGHT_ON","_ALPHABLEND_ON","_ALPHAPREMULTIPLY_ON","_ALPHATEST_ON","_EMISSION","_GLOSSYREFLECTIONS_OFF","_METALLICGLOSSMAP","_NORMALMAP","_PARALLAXMAP","_SMOOTHNESS_TEXTURE_ALBEDO_CHANNEL_A","_SPECULARHIGHLIGHTS_OFF","DIRECTIONAL_COOKIE","POINT","POINT_COOKIE","SHADOWS_DEPTH","SPOT","DYNAMICLIGHTMAP_ON","INSTANCING_ON","LIGHTMAP_SHADOW_MIXING","STEREO_CUBEMAP_RENDER_ON","STEREO_INSTANCING_ON","STEREO_MULTIVIEW_ON","UNITY_SINGLE_PASS_STEREO","_DETAIL_MULX2","__","_","SHADOWS_CUBE","SHADOWS_SOFT"],[[0,0,"FORWARD",4,"",0,[4,null],[0,"_ZWrite"],[2,null],[[0,"_SrcBlend"],[0,"_DstBlend"],[0,null]],[[0,"_SrcBlend"],[0,"_DstBlend"],[0,null]],[15,null],[0,null],[0,null],[0,null],[255,null],[255,null],[[0,null],[0,null],[0,null],[8,null]],[[0,null],[0,null],[0,null],[8,null]],[[0,null],[0,null],[0,null],[8,null]],[["LIGHTMODE","FORWARDBASE"],["PerformanceChecks","False"],["RenderType","Opaque"],["SHADOWSUPPORT","true"]],["DIRECTIONAL","DIRLIGHTMAP_COMBINED","DYNAMICLIGHTMAP_ON","FOG_EXP","FOG_EXP2","FOG_LINEAR","INSTANCING_ON","LIGHTMAP_ON","LIGHTMAP_SHADOW_MIXING","LIGHTPROBE_SH","SHADOWS_SCREEN","SHADOWS_SHADOWMASK","STEREO_CUBEMAP_RENDER_ON","STEREO_INSTANCING_ON","STEREO_MULTIVIEW_ON","UNITY_SINGLE_PASS_STEREO","VERTEXLIGHT_ON","_ALPHABLEND_ON","_ALPHAPREMULTIPLY_ON","_ALPHATEST_ON","_DETAIL_MULX2","_EMISSION","_GLOSSYREFLECTIONS_OFF","_METALLICGLOSSMAP","_NORMALMAP","_PARALLAXMAP","_SMOOTHNESS_TEXTURE_ALBEDO_CHANNEL_A","_SPECULARHIGHLIGHTS_OFF","__","_"],[],[[0,0,["DIRECTIONAL"],8,9,0,0],[0,0,["DIRECTIONAL"],10,11,1,0],[0,0,["DIRECTIONAL","LIGHTPROBE_SH"],12,13,0,0],[0,0,["DIRECTIONAL","LIGHTPROBE_SH"],14,15,1,0],[0,0,["DIRECTIONAL","LIGHTPROBE_SH","_SMOOTHNESS_TEXTURE_ALBEDO_CHANNEL_A"],12,16,0,0],[0,0,["DIRECTIONAL","LIGHTPROBE_SH","_SMOOTHNESS_TEXTURE_ALBEDO_CHANNEL_A"],14,17,1,0],[0,0,["DIRECTIONAL","LIGHTPROBE_SH","_EMISSION"],12,18,0,0],[0,0,["DIRECTIONAL","LIGHTPROBE_SH","_EMISSION"],14,19,1,0]],[],0],[1,0,"FORWARD_DELTA",5,"",0,[4,null],[0,null],[2,null],[[0,"_SrcBlend"],[1,null],[0,null]],[[0,"_SrcBlend"],[1,null],[0,null]],[15,null],[0,null],[0,null],[0,null],[255,null],[255,null],[[0,null],[0,null],[0,null],[8,null]],[[0,null],[0,null],[0,null],[8,null]],[[0,null],[0,null],[0,null],[8,null]],[["LIGHTMODE","FORWARDADD"],["PerformanceChecks","False"],["RenderType","Opaque"],["SHADOWSUPPORT","true"]],["DIRECTIONAL","DIRECTIONAL_COOKIE","FOG_EXP","FOG_EXP2","FOG_LINEAR","LIGHTMAP_SHADOW_MIXING","POINT","POINT_COOKIE","SHADOWS_CUBE","SHADOWS_DEPTH","SHADOWS_SCREEN","SHADOWS_SHADOWMASK","SHADOWS_SOFT","SPOT","STEREO_CUBEMAP_RENDER_ON","STEREO_INSTANCING_ON","STEREO_MULTIVIEW_ON","UNITY_SINGLE_PASS_STEREO","_ALPHABLEND_ON","_ALPHAPREMULTIPLY_ON","_ALPHATEST_ON","_DETAIL_MULX2","_METALLICGLOSSMAP","_NORMALMAP","_PARALLAXMAP","_SMOOTHNESS_TEXTURE_ALBEDO_CHANNEL_A","_SPECULARHIGHLIGHTS_OFF","__","_"],[],[],[],0],[2,0,"ShadowCaster",8,"",0,[4,null],[1,null],[2,null],[[1,null],[0,null],[0,null]],[[1,null],[0,null],[0,null]],[15,null],[0,null],[0,null],[0,null],[255,null],[255,null],[[0,null],[0,null],[0,null],[8,null]],[[0,null],[0,null],[0,null],[8,null]],[[0,null],[0,null],[0,null],[8,null]],[["LIGHTMODE","SHADOWCASTER"],["PerformanceChecks","False"],["RenderType","Opaque"],["SHADOWSUPPORT","true"]],["INSTANCING_ON","SHADOWS_CUBE","SHADOWS_DEPTH","STEREO_CUBEMAP_RENDER_ON","STEREO_INSTANCING_ON","STEREO_MULTIVIEW_ON","UNITY_SINGLE_PASS_STEREO","_ALPHABLEND_ON","_ALPHAPREMULTIPLY_ON","_ALPHATEST_ON","_METALLICGLOSSMAP","_PARALLAXMAP","_SMOOTHNESS_TEXTURE_ALBEDO_CHANNEL_A","__","_"],[],[],[],0]],[],[["_Color",0,1,1,1,1,"",0],["_MainTex",4,0,0,0,0,"white",0],["_Cutoff",3,0.5,0,1,0,"",0],["_Glossiness",3,0.5,0,1,0,"",0],["_GlossMapScale",3,1,0,1,0,"",0],["_SmoothnessTextureChannel",2,0,0,0,0,"",0],["_Metallic",3,0,0,1,0,"",32],["_MetallicGlossMap",4,0,0,0,0,"white",0],["_SpecularHighlights",2,1,0,0,0,"",0],["_GlossyReflections",2,1,0,0,0,"",0],["_BumpScale",2,1,0,0,0,"",0],["_BumpMap",4,0,0,0,0,"bump",8],["_Parallax",3,0.0199999995529652,0.00499999988824129,0.0799999982118607,0,"",0],["_ParallaxMap",4,0,0,0,0,"black",0],["_OcclusionStrength",3,1,0,1,0,"",0],["_OcclusionMap",4,0,0,0,0,"white",0],["_EmissionColor",0,0,0,0,1,"",0],["_EmissionMap",4,0,0,0,0,"white",0],["_DetailMask",4,0,0,0,0,"white",0],["_DetailAlbedoMap",4,0,0,0,0,"grey",0],["_DetailNormalMapScale",2,1,0,0,0,"",0],["_DetailNormalMap",4,0,0,0,0,"bump",8],["_UVSec",2,0,0,0,0,"",0],["_Mode",2,0,0,0,0,"",1],["_SrcBlend",2,1,0,0,0,"",1],["_DstBlend",2,0,0,0,0,"",1],["_ZWrite",2,1,0,0,0,"",1]],0,70,0,0,0]}],"cubemaps":[{"id":42868,"type":2,"path":"Assets/Scenes/SampleScene.unity/PrefilteredEnvironment.exr","assetBundleId":-2,"data":["",-332894,8,1,128,0,2,[0,0,0.25,0.5,0,0.5,0.25,1,0.25,0,0.5,0.5,0.25,0.5,0.5,1,0.5,0,0.75,0.5,0.75,0,1,0.5,0.5,0.5,0.625,0.75,0.5,0.75,0.625,1,0.625,0.5,0.75,0.75,0.625,0.75,0.75,1,0.75,0.5,0.875,0.75,0.875,0.5,1,0.75,0.75,0.75,0.8125,0.875,0.75,0.875,0.8125,1,0.8125,0.75,0.875,0.875,0.8125,0.875,0.875,1,0.875,0.75,0.9375,0.875,0.9375,0.75,1,0.875,0.875,0.875,0.90625,0.9375,0.875,0.9375,0.90625,1,0.90625,0.875,0.9375,0.9375,0.90625,0.9375,0.9375,1,0.9375,0.875,0.96875,0.9375,0.96875,0.875,1,0.9375,0.9375,0.9375,0.953125,0.96875,0.9375,0.96875,0.953125,1,0.953125,0.9375,0.96875,0.96875,0.953125,0.96875,0.96875,1,0.96875,0.9375,0.984375,0.96875,0.984375,0.9375,1,0.96875,0.96875,0.96875,0.9765625,0.984375,0.96875,0.984375,0.9765625,1,0.9765625,0.96875,0.984375,0.984375,0.9765625,0.984375,0.984375,1,0.984375,0.96875,0.9921875,0.984375,0.9921875,0.96875,1,0.984375,0.984375,0.984375,0.98828125,0.9921875,0.984375,0.9921875,0.98828125,1,0.98828125,0.984375,0.9921875,0.9921875,0.98828125,0.9921875,0.9921875,1,0.9921875,0.984375,0.99609375,0.9921875,0.99609375,0.984375,1,0.9921875,0.9921875,0.9921875,0.994140625,0.99609375,0.9921875,0.99609375,0.994140625,1,0.994140625,0.9921875,0.99609375,0.99609375,0.994140625,0.99609375,0.99609375,1,0.99609375,0.9921875,0.998046875,0.99609375,0.998046875,0.9921875,1,0.99609375],1,1]}],"resources":[{"id":0,"assetBundleId":-2,"data":[[["ui/warningsign_red",1,41972],["ui/warningsign_red",21,41932],["texrures/log-raw-and-pleed",4,41794],["unity_builtin_extra",0,66],["texrures/log-03-raw",1,42766],["texrures/log.001",6,23686],["fbx/derevo/derevo",4,41986],["fbx/derevo/tree-env_tex",1,42466],["fbx/derevo/дерево тёмное зеленое",6,23594],["fbx/forklift/forklift",33,41806],["fbx/forklift/forklift",4,42288],["fbx/forklift/tex/forklift_tex",1,42752],["fbx/forklift/forklift",6,23708],["fbx/forklift/forklift",4,42274],["fbx/forklift/forklift",4,42284],["fbx/forklift/forklift",4,42282],["fbx/forklift/forklift",4,42290],["fbx/forklift/forklift",4,42278],["fbx/forklift/forklift",4,42280],["fbx/forklift/forklift",4,42276],["fbx/forklift/forklift",4,42286],["fbx/forklift/forklift",4,42218],["texrures/log-raw-and-pleed",33,41798],["fbx/truck/truck",33,41834],["fbx/truck/truck",4,42194],["fbx/truck/tex/truck_tex",1,42586],["fbx/truck/truck_2",6,23616],["fbx/truck/truck",4,42184],["fbx/truck/truck",4,42182],["fbx/truck/truck",4,42188],["fbx/truck/truck",4,42186],["fbx/truck/truck",4,42192],["fbx/truck/truck",4,42190],["ui/bubble gray",1,41954],["ui/bubble gray",21,41840],["ui/bubble big log",1,41970],["ui/bubble big log",21,41864],["models/asset_lumber_28",33,41860],["models/asset_lumber_28",4,42084],["models/material/2drying_room_tex - copy",1,42512],["models/material/material #840",6,23674],["models/material/3drying_room_tex",1,42468],["models/material/material #798",6,23678],["fbx/domik_2",6,41878],["male-chopper/male-chopper",33,41818],["male-chopper/male-chopper",1,42508],["male-chopper/chopper",6,23608],["male-chopper/male-chopper",4,42018],["fbx/domik_3",33,41824],["fbx/domik_3",4,42316],["fbx/domik_3",6,42296],["fbx/domik_3",6,42298],["fbx/domik_3",6,42300],["fbx/domik_3",6,42302],["fbx/domik_3",6,42304],["fbx/domik_3",6,42306],["fbx/domik_3",6,42308],["fbx/domik_3",6,42310],["fbx/domik_3",6,42312],["fbx/domik_3",6,42314],["fbx/domik_3",6,41944],["fbx/knopka",33,41850],["fbx/knopka",4,42124],["fbx/plashka_black",6,23576],["fbx/knopka",4,42122],["fbx/white",6,23592],["fonts & materials/liberationsans sdf",1,23700],["fonts & materials/liberationsans sdf",6,23698],["fonts & materials/liberationsans sdf - fallback",1,23606],["fonts & materials/liberationsans sdf - fallback",6,23604],["fonts & materials/liberationsans sdf - fallback",45,23602],["fonts & materials/liberationsans sdf",45,23696],["fonts & materials/liberationsans sdf - drop shadow",6,23574],["ui/hand",1,41966],["ui/hand",21,41846],["fbx/domik_2",6,41942],["models/asset_lumber_41",33,41802],["models/asset_lumber_41",4,42080],["models/material/2atlas_build",1,42748],["models/material/material #840 - copy - copy",6,23600],["models/material/2drying_room_tex",1,42460],["models/material/material #798 - copy - copy",6,23690],["ui/1 (7)",1,41976],["ui/1 (7)",21,41946],["ui/character_1000_compressed",1,41968],["ui/character_1000_compressed",21,41858],["ui/packshot_cta",1,41974],["ui/packshot_cta",21,41936],["ui/packshot_logo",1,41950],["ui/packshot_logo",21,41828],["ui/packshot_background_2",1,41952],["ui/packshot_background_2",21,41838],["ui/money",1,42688],["fbx/location/location_1",33,41904],["fbx/location/location_1",4,42426],["fbx/location_1.fbm/колонна 001_diffuse",1,42484],["fbx/location/колонна 001",6,23598],["unity_builtin_extra",6,686],["fbx/location/location_1",4,42408],["fbx/location/location_1",4,42414],["fbx/location/location_1",4,42412],["fbx/location/location_1",4,42404],["fbx/location/location_1",4,42410],["fbx/location/location_1",4,42424],["fbx/location/plashka",6,23638],["fbx/location/location_1",4,42420],["fbx/location/material 022",6,23672],["fbx/location/location_1",4,42416],["fbx/location/location_1",4,42428],["fbx/location/location_1",4,42430],["fbx/location/location_1",4,42418],["fbx/location/location_1",4,42406],["fbx/location/location_1",4,42422],["fbx/location/green_floor",6,23680],["fbx/location/location_1",4,42432],["fbx/conveyor/conveyor",33,41872],["fbx/conveyor/conveyor",4,42322],["fbx/conveyor/tex/conveyor",1,42504],["fbx/conveyor/tex/2",6,23644],["unity_builtin_extra",0,152],["unity_builtin_extra",6,688],["unity_builtin_extra",0,28],["dotweensettings",59,23666],["sprite assets/emojione",6,42768],["sprite assets/emojione",61,23590],["style sheets/default style sheet",62,23706],["linebreaking leading characters",63,42456],["linebreaking following characters",63,42458],["tmp settings",60,23660]],[41788,41790,41982,41790,41984,41790,280444,282614,283210,282614,273654,282614,286838,282614,278212,282614,291198,282614,291362,282614,283966,282614,277652,282614,289874,282614,290112,282614,276296,282614,277464,282614,290406,282614,286396,282614,286866,282614,273796,282614,281762,282614,287854,282614,289036,282614,290374,282614,286434,282614,284568,282614,279694,282614,275820,282614,280076,282614,287094,282614,277536,282614,278882,282614,280182,282614,283156,282614,282376,282614,287548,282614,285190,282614,285348,282614,288180,282614,287382,282614,286020,282614,285238,282614,275290,282614,277034,282614,286062,282614,278608,282614,281614,282614,284420,282614,274496,282614,289450,282614,282516,282614,287236,282614,287486,282614,281906,282614,274330,282614,281546,282614,278376,282614,287102,282614,288862,282614,281424,282614,279758,282614,286372,282614,282430,282614,288106,282614,278118,282614,282146,282614,274670,282614,279862,282614,285988,282614,276140,282614,281246,282614,275718,282614,290144,282614,280030,282614,284628,282614,279944,282614,286194,282614,280324,282614,282354,282614,289682,282614,287538,282614,284124,282614,280980,282614,291130,282614,284834,282614,280118,282614,277406,282614,281816,282614,279098,282614,281634,282614,285390,282614,280958,282614,276916,282614,275868,282614,281766,282614,291152,282614,277926,282614,282324,282614,287480,282614,288442,282614,285102,282614,281580,282614,289662,282614,286024,282614,284272,282614,278304,282614,287280,282614,286148,282614,290042,282614,280784,282614,279652,282614,280780,282614,287034,282614,283370,282614,277640,282614,278590,282614,286522,282614,290490,282614,285654,282614,279668,282614,277094,282614,277392,282614,273604,282614,279024,282614,279604,282614,287762,282614,289892,282614,282224,282614,289102,282614,286780,282614,286576,282614,286242,282614,280722,282614,274188,282614,282664,282614,288428,282614,278102,282614,287992,282614,288486,282614,277696,282614,273374,282614,278028,282614,275450,282614,284724,282614,277946,282614,277648,282614,288478,282614,287366,282614,280026,282614,274302,282614,283076,282614,275952,282614,287682,282614,283818,282614,285002,282614,291216,282614,276482,282614,282652,282614,289352,282614,278410,282614,277540,282614,281640,282614,282628,282614,283588,282614,276170,282614,282196,282614,287346,282614,291194,282614,277892,282614,274932,282614,279116,282614,274610,282614,273648,282614,275986,282614,273730,282614,274384,282614,282380,282614,285020,282614,281478,282614,274812,282614,281778,282614,282594,282614,279844,282614,284844,282614,280410,282614,290146,282614,279824,282614,287712,282614,279000,282614,288086,282614,287414,282614,273514,282614,280082,282614,278740,282614,281226,282614,290162,282614,278008,282614,289384,282614,289658,282614,273832,282614,282696,282614,288546,282614,276624,282614,290530,282614,280498,282614,290682,282614,291350,282614,291312,282614,281974,282614,286360,282614,281518,282614,279502,282614,283192,282614,280624,282614,280986,282614,277068,282614,278808,282614,291042,282614,284178,282614,277824,282614,286598,282614,284536,282614,282750,282614,282746,282614,285804,282614,281910,282614,281334,282614,275636,282614,290998,282614,285506,282614,288758,282614,279530,282614,276136,282614,275628,282614,278358,282614,287418,282614,290698,282614,280810,282614,287374,282614,286152,282614,288280,282614,284450,282614,284830,282614,281198,282614,280372,282614,289318,282614,284148,282614,287038,282614,283262,282614,273486,282614,283580,282614,280078,282614,277694,282614,273836,282614,290178,282614,278754,282614,274466,282614,273922,282614,274298,282614,291270,282614,284516,282614,274892,282614,278622,282614,276210,282614,287612,282614,273450,282614,274578,282614,286126,282614,288158,282614,281436,282614,285178,282614,289476,282614,285296,282614,280972,282614,281866,282614,281304,282614,284376,282614,283584,282614,280530,282614,285992,282614,289278,282614,290700,282614,290762,282614,275132,282614,278994,282614,278556,282614,279290,282614,279740,282614,290344,282614,282428,282614,274694,282614,290780,282614,283646,282614,283846,282614,291064,282614,279760,282614,286332,282614,290314,282614,283960,282614,285170,282614,280136,282614,274056,282614,285904,282614,274752,282614,289460,282614,290692,282614,285212,282614,280368,282614,277724,282614,283658,282614,285054,282614,286380,282614,280150,282614,284166,282614,276938,282614,286564,282614,277248,282614,286796,282614,283772,282614,279460,282614,285244,282614,286714,282614,280086,282614,273914,282614,284294,282614,281320,282614,284084,282614,290648,282614,285980,282614,276688,282614,276454,282614,287816,282614,285934,282614,291114,282614,280122,282614,284698,282614,276912,282614,288150,282614,274816,282614,277300,282614,276010,282614,278958,282614,278852,282614,282396,282614,288784,282614,288410,282614,279050,282614,286364,282614,278134,282614,274398,282614,291434,282614,282612,282614,290846,282614,276104,282614,286420,282614,286710,282614,285714,282614,284954,282614,287042,282614,290102,282614,274722,282614,276826,282614,279286,282614,286440,282614,273792,282614,285932,282614,286718,282614,283258,282614,281666,282614,282372,282614,278886,282614,280956,282614,280126,282614,274478,282614,276908,282614,289664,282614,281746,282614,287874,282614,277526,282614,286870,282614,286614,282614,274550,282614,279896,282614,277508,282614,288336,282614,285060,282614,281542,282614,288070,282614,284852,282614,282524,282614,283444,282614,287968,282614,282732,282614,274276,282614,277772,282614,279204,282614,283600,282614,284870,282614,278996,282614,290192,282614,275546,282614,280466,282614,273702,282614,281100,282614,275910,282614,275270,282614,289896,282614,276144,282614,287618,282614,291186,282614,273394,282614,278776,282614,290364,282614,285174,282614,274406,282614,280982,282614,277322,282614,290508,282614,275404,282614,288760,282614,280392,282614,291340,282614,287218,282614,279586,282614,273624,282614,284974,282614,276174,282614,276300,282614,274988,282614,283050,282614,287756,282614,284486,282614,276328,282614,288802,282614,281400,282614,283958,282614,279750,282614,287664,282614,274682,282614,283110,282614,277906,282614,280038,282614,290028,282614,278394,282614,289436,282614,286112,282614,273804,282614,287474,282614,288110,282614,279914,282614,283322,282614,279362,282614,280012,282614,275412,282614,273784,282614,276542,282614,275226,282614,277240,282614,281988,282614,281250,282614,286528,282614,289034,282614,284648,282614,277336,282614,282784,282614,288284,282614,285908,282614,274150,282614,289090,282614,274946,282614,275882,282614,289606,282614,273652,282614,280640,282614,277420,282614,281022,282614,279152,282614,282678,282614,273392,282614,275408,282614,280344,282614,277280,282614,288836,282614,283162,282614,279664,282614,280134,282614,291034,282614,279526,282614,291290,282614,288474,282614,290036,282614,287736,282614,290794,282614,283704,282614,283276,282614,274640,282614,289570,282614,279946,282614,283072,282614,287704,282614,285818,282614,283540,282614,290428,282614,290320,282614,286568,282614,290956,282614,281166,282614,274462,282614,274704,282614,290324,282614,284678,282614,274178,282614,277194,282614,278094,282614,282364,282614,279480,282614,282254,282614,274658,282614,273398,282614,288928,282614,278278,282614,283114,282614,275086,282614,274538,282614,280692,282614,282576,282614,290610,282614,286526,282614,279848,282614,277020,282614,280314,282614,282358,282614,290410,282614,279648,282614,283478,282614,277200,282614,275340,282614,282660,282614,290328,282614,274320,282614,274888,282614,277304,282614,285058,282614,287708,282614,280230,282614,278832,282614,274290,282614,285208,282614,285612,282614,286706,282614,287812,282614,290842,282614,279200,282614,278066,282614,281922,282614,290936,282614,290716,282614,286830,282614,280918,282614,279696,282614,281770,282614,285616,282614,285100,282614,281498,282614,275252,282614,287176,282614,287990,282614,281404,282614,283254,282614,275864,282614,287478,282614,288748,282614,290436,282614,273620,282614,283054,282614,287964,282614,287562,282614,289412,282614,274674,282614,277242,282614,277236,282614,288020,282614,281454,282614,289078,282614,281486,282614,285944,282614,284632,282614,291276,282614,286756,282614,273426,282614,278244,282614,291316,282614,276636,282614,273790,282614,289128,282614,283876,282614,284800,282614,277530,282614,276416,282614,291346,282614,276846,282614,282190,282614,289980,282614,279918,282614,278874,282614,277886,282614,282820,282614,285912,282614,277868,282614,276552,282614,291354,282614,289146,282614,278980,282614,273892,282614,279726,282614,287046,282614,288092,282614,282284,282614,279384,282614,291068,282614,289520,282614,285248,282614,290914,282614,278654,282614,279582,282614,273440,282614,280188,282614,285916,282614,286400,282614,287766,282614,275124,282614,275472,282614,278662,282614,281928,282614,287646,282614,290580,282614,287438,282614,282930,282614,285196,282614,274766,282614,283718,282614,285566,282614,286638,282614,279440,282614,277122,282614,288984,282614,286582,282614,290058,282614,286280,282614,280388,282614,277244,282614,281918,282614,287686,282614,289108,282614,290680,282614,279950,282614,276358,282614,285938,282614,277932,282614,273568,282614,285840,282614,275670,282614,286996,282614,279418,282614,278762,282614,289310,282614,280666,282614,290792,282614,283868,282614,277468,282614,275136,282614,279436,282614,290106,282614,288542,282614,290574,282614,285512,282614,279632,282614,284878,282614,280042,282614,284372,282614,283324,282614,280798,282614,287506,282614,288514,282614,285856,282614,290066,282614,282094,282614,287126,282614,289416,282614,280834,282614,288600,282614,289360,282614,286876,282614,279544,282614,281420,282614,283206,282614,284288,282614,277218,282614,286952,282614,273490,282614,277802,282614,291070,282614,282402,282614,286834,282614,284564,282614,273808,282614,286722,282614,278274,282614,281774,282614,285104,282614,287390,282614,289166,282614,281952,282614,273444,282614,285068,282614,280622,282614,283426,282614,278334,282614,285194,282614,284610,282614,288176,282614,289116,282614,277656,282614,290928,282614,280448,282614,277798,282614,277848,282614,285292,282614,284640,282614,287378,282614,280522,282614,275100,282614,282536,282614,286156,282614,286816,282614,287164,282614,274966,282614,282926,282614,282520,282614,288362,282614,277504,282614,285766,282614,281396,282614,288710,282614,284532,282614,290166,282614,286376,282614,286328,282614,285898,282614,282656,282614,282864,282614,278814,282614,274098,282614,278154,282614,279806,282614,282352,282614,289736,282614,288714,282614,286624,282614,284382,282614,287946,282614,273758,282614,287584,282614,284702,282614,285920,282614,277118,282614,279464,282614,289200,282614,284232,282614,290482,282614,289830,282614,273402,282614,289230,282614,276368,282614,275038,282614,284512,282614,288494,282614,291266,282614,277750,282614,274950,282614,281992,282614,281004,282614,285336,282614,290278,282614,289710,282614,275004,282614,287752,282614,284696,282614,286616,282614,291038,282614,276014,282614,277306,282614,277662,282614,274984,282614,277360,282614,284312,282614,279940,282614,283404,282614,284182,282614,281162,282614,274120,282614,284530,282614,287284,282614,285922,282614,283250,282614,287058,282614,281256,282614,282280,282614,276166,282614,283594,282614,277008,282614,278878,282614,275156,282614,284900,282614,285182,282614,276904,282614,273888,282614,274534,282614,284204,282614,283318,282614,278782,282614,282728,282614,275632,282614,288424,282614,284174,282614,275128,282614,285088,282614,284692,282614,286190,282614,284606,282614,289734,282614,273896,282614,284200,282614,290932,282614,286572,282614,276162,282614,283006,282614,287918,282614,277134,282614,277758,282614,290414,282614,290878,282614,282994,282614,285940,282614,284490,282614,287172,282614,276674,282614,287262,282614,285852,282614,280300,282614,291142,282614,284308,282614,285976,282614,289512,282614,277262,282614,287744,282614,288054,282614,281750,282614,289050,282614,287832,282614,275924,282614,290960,282614,277754,282614,284728,282614,285356,282614,274808,282614,281000,282614,290006,282614,291244,282614,282178,282614,275796,282614,274568,282614,291262,282614,279094,282614,288722,282614,276132,282614,275550,282614,273812,282614,278530,282614,288878,282614,288164,282614,284218,282614,291158,282614,285200,282614,283214,282614,273958,282614,274696,282614,287214,282614,274596,282614,280114,282614,282806,282614,279624,282614,276900,282614,288592,282614,273570,282614,286076,282614,278976,282614,273860,282614,278472,282614,275082,282614,273516,282614,276758,282614,274364,282614,279254,282614,284794,282614,285404,282614,291122,282614,276248,282614,287510,282614,282868,282614,283758,282614,288276,282614,286448,282614,290720,282614,277644,282614,285582,282614,279578,282614,284910,282614,280340,282614,278738,282614,290330,282614,289388,282614,280894,282614,288186,282614,284386,282614,281102,282614,275852,282614,279248,282614,289982,282614,289124,282614,285686,282614,285230,282614,277522,282614,290504,282614,278372,282614,280976,282614,286416,282614,288490,282614,284122,282614,286444,282614,279802,282614,280670,282614,283430,282614,282710,282614,281492,282614,290062,282614,289120,282614,282690,282614,278196,282614,282014,282614,280992,282614,278870,282614,288406,282614,278476,282614,286142,282614,275390,282614,287878,282614,286316,282614,290594,282614,286502,282614,273962,282614,278272,282614,280556,282614,285400,282614,290478,282614,284152,282614,289196,282614,289266,282614,278042,282614,279214,282614,286534,282614,283652,282614,278658,282614,279894,282614,285672,282614,283674,282614,282102,282614,276004,282614,289292,282614,283450,282614,277864,282614,285300,282614,281074,282614,275114,282614,273984,282614,274564,282614,275920,282614,275414,282614,283906,282614,274244,282614,281428,282614,289626,282614,290450,282614,288848,282614,288910,282614,283152,282614,285018,282614,289884,282614,290296,282614,289314,282614,282636,282614,280316,282614,274506,282614,274248,282614,289356,282614,286804,282614,285490,282614,276206,282614,273738,282614,288184,282614,289306,282614,287616,282614,281708,282614,282066,282614,282898,282614,284664,282614,275514,282614,287222,282614,279628,282614,281028,282614,282998,282614,287760,282614,287070,282614,282934,282614,280856,282614,273874,282614,290614,282614,290010,282614,290300,282614,274740,282614,283424,282614,285650,282614,281670,282614,279182,282614,289062,282614,274572,282614,284642,282614,289508,282614,282028,282614,282938,282614,277844,282614,277288,282614,276782,282614,285542,282614,286824,282614,286992,282614,275356,282614,284866,282614,279560,282614,275554,282614,287566,282614,273978,282614,288168,282614,285538,282614,286282,282614,283068,282614,290424,282614,280608,282614,280440,282614,289274,282614,282174,282614,273980,282614,274474,282614,285568,282614,282714,282614,281550,282614,289016,282614,287328,282614,278534,282614,282326,282614,289668,282614,283420,282614,277412,282614,286514,282614,286580,282614,281704,282614,286620,282614,277204,282614,284904,282614,276978,282614,291134,282614,282238,282614,286368,282614,274438,282614,283730,282614,284778,282614,277052,282614,277424,282614,274102,282614,273556,282614,284186,282614,276654,282614,289152,282614,291320,282614,277148,282614,282210,282614,285674,282614,289976,282614,283668,282614,290316,282614,276822,282614,287482,282614,291098,282614,291146,282614,287288,282614,274546,282614,284914,282614,281514,282614,288402,282614,282186,282614,278586,282614,285436,282614,286500,282614,275056,282614,289634,282614,287104,282614,280008,282614,284118,282614,276548,282614,273496,282614,284134,282614,288946,282614,279890,282614,273800,282614,282420,282614,283476,282614,285186,282614,288664,282614,273658,282614,279922,282614,281158,282614,285082,282614,287370,282614,284874,282614,273564,282614,289872,282614,285926,282614,282368,282614,283872,282614,286472,282614,289172,282614,279692,282614,281300,282614,279876,282614,277668,282614,285878,282614,290018,282614,277128,282614,273734,282614,279558,282614,289262,282614,278468,282614,291002,282614,288706,282614,283546,282614,288250,282614,274884,282614,274280,282614,276026,282614,282406,282614,283408,282614,290484,282614,277390,282614,277416,282614,274286,282614,289112,282614,285870,282614,280592,282614,284010,282614,285682,282614,286988,282614,284104,282614,280518,282614,278962,282614,290722,282614,288050,282614,279210,282614,282182,282614,289272,282614,286450,282614,288398,282614,279036,282614,280720,282614,285492,282614,277914,282614,276008,282614,288498,282614,288844,282614,286128,282614,282106,282614,290712,282614,279612,282614,278614,282614,291126,282614,273828,282614,285368,282614,287278,282614,286312,282614,279456,282614,286800,282614,278758,282614,275736,282614,282132,282614,289396,282614,288074,282614,287850,282614,281932,282614,276590,282614,287700,282614,290014,282614,290512,282614,285984,282614,288618,282614,279020,282614,285690,282614,281810,282614,273388,282614,287410,282614,284950,282614,281824,282614,278240,282614,275492,282614,285084,282614,285794,282614,279354,282614,286300,282614,290784,282614,287436,282614,288026,282614,282532,282614,278192,282614,289296,282614,280338,282614,285364,282614,277114,282614,282686,282614,291010,282614,281070,282614,283294,282614,274470,282614,284970,282614,283852,282614,290398,282614,282384,282614,275250,282614,285572,282614,288024,282614,276948,282614,285352,282614,288880,282614,273950,282614,285836,282614,282624,282614,274774,282614,282980,282614,273590,282614,279634,282614,286702,282614,285372,282614,273560,282614,277004,282614,286908,282614,275060,282614,288876,282614,286938,282614,284290,282614,276072,282614,275968,282614,275888,282614,283186,282614,275242,282614,291162,282614,288614,282614,278424,282614,278650,282614,285166,282614,284962,282614,277110,282614,279454,282614,278676,282614,288466,282614,282338,282614,285360,282614,287324,282614,278618,282614,290256,282614,275120,282614,283502,282614,287098,282614,280838,282614,276100,282614,278834,282614,275540,282614,275000,282614,275486,282614,280186,282614,285900,282614,280588,282614,278038,282614,277442,282614,289392,282614,273446,282614,278700,282614,284560,282614,288636,282614,283662,282614,288518,282614,275536,282614,281502,282614,282892,282614,279600,282614,277038,282614,286108,282614,287408,282614,280296,282614,276628,282614,287650,282614,274700,282614,275902,282614,273664,282614,287322,282614,276594,282614,286298,282614,274622,282614,282598,282614,288702,282614,285330,282614,279380,282614,274242,282614,281098,282614,285434,282614,278168,282614,287544,282614,276744,282614,284958,282614,274184,282614,276324,282614,276202,282614,278594,282614,277472,282614,281618,282614,290688,282614,277690,282614,273716,282614,286518,282614,273586,282614,278784,282614,277882,282614,278812,282614,280034,282614,274970,282614,289250,282614,288044,282614,288482,282614,279358,282614,275074,282614,283506,282614,274772,282614,286822,282614,279186,282614,286982,282614,280890,282614,282962,282614,276658,282614,286436,282614,284250,282614,286208,282614,281820,282614,276980,282614,285216,282614,280526,282614,275906,282614,274262,282614,275078,282614,278146,282614,274726,282614,290196,282614,283638,282614,288638,282614,284838,282614,282258,282614,286828,282614,284508,282614,283090,282614,289084,282614,288216,282614,290788,282614,282192,282614,287740,282614,274434,282614,279754,282614,279068,282614,289002,282614,288124,282614,277364,282614,280046,282614,287950,282614,275916,282614,280776,282614,289168,282614,279994,282614,282288,282614,274134,282614,279608,282614,285678,282614,288718,282614,281862,282614,285046,282614,281700,282614,280268,282614,282528,282614,274402,282614,282422,282614,283020,282614,278552,282614,278838,282614,289880,282614,287360,282614,275510,282614,277296,282614,274724,282614,277616,282614,280060,282614,281870,282614,289214,282614,278044,282614,287668,282614,282560,282614,287292,282614,278150,282614,279346,282614,288644,282614,276942,282614,290088,282614,288234,282614,290908,282614,273954,282614,291056,282614,275612,282614,285476,282614,291430,282614,287432,282614,288596,282614,282620,282614,289748,282614,277602,282614,286768,282614,274294,282614,280852,282614,278142,282614,289104,282614,289888,282614,290876,282614,288754,282614,287858,282614,279926,282614,291138,282614,291308,282614,277500,282614,282292,282614,279514,282614,289244,282614,281566,282614,278098,282614,275218,282614,281202,282614,282954,282614,289972,282614,275938,282614,287570,282614,285578,282614,276964,282614,282494,282614,277222,282614,285798,282614,281488,282614,274520,282614,273918,282614,288272,282614,277878,282614,289246,282614,281482,282614,289960,282614,288384,282614,274678,282614,288698,282614,279006,282614,284254,282614,273688,282614,282328,282614,285972,282614,287872,282614,273946,282614,283910,282614,290432,282614,287386,282614,281914,282614,275246,282614,288746,282614,276362,282614,282296,282614,276632,282614,287316,282614,281106,282614,273850,282614,291102,282614,281814,282614,283722,282614,289602,282614,277588,282614,278048,282614,284416,282614,287932,282614,285066,282614,280272,282614,286586,282614,290370,282614,287598,282614,286890,282614,285050,282614,285728,282614,289772,282614,286256,282614,279376,282614,285204,282614,290020,282614,287394,282614,283964,282614,273786,282614,281120,282614,291358,282614,274542,282614,275722,282614,283344,282614,274042,282614,280752,282614,282632,282614,288282,282614,273608,282614,281782,282614,276096,282614,288914,282614,291220,282614,278492,282614,278120,282614,281180,282614,288942,282614,283106,282614,278034,282614,277684,282614,288470,282614,284966,282614,288338,282614,291190,282614,286262,282614,288642,282614,284128,282614,285234,282614,282778,282614,279792,282614,279540,282614,286468,282614,282098,282614,288172,282614,276442,282614,283024,282614,277292,282614,285006,282614,284946,282614,275666,282614,281848,282614,41808,41806,42200,41806,42202,41806,42204,41806,42206,41806,42208,41806,42210,41806,42212,41806,42214,41806,42216,41806,273544,281872,42242,41806,42244,41806,42246,41806,42248,41806,42270,41806,42272,41806,42250,41806,42252,41806,42254,41806,42256,41806,42266,41806,42268,41806,42258,41806,42260,41806,42262,41806,42264,41806,42238,41806,42240,41806,41796,41798,41988,41798,41990,41798,41810,41812,41994,41812,41996,41812,-330262,281872,-330270,281872,-330278,281872,-330286,281872,-330294,281872,-330302,281872,-330310,281872,-330318,281872,-330326,281872,277768,281872,289630,281872,288840,281872,285138,281872,290642,281872,283028,281872,284014,281872,278828,281872,279498,281872,275042,281872,280922,281872,291006,281872,286594,281872,290892,281872,274028,281872,285430,281872,276730,281872,289132,281872,288980,281872,282502,281872,289516,281872,286970,281872,281008,281872,42196,41806,42198,41806,41832,41834,42126,41834,42128,41834,42130,41834,42132,41834,42134,41834,42136,41834,42138,41834,276692,277760,42154,41834,42156,41834,42166,41834,42168,41834,42178,41834,42180,41834,42158,41834,42160,41834,42170,41834,42172,41834,42174,41834,42176,41834,42162,41834,42164,41834,41814,41812,-322478,277760,-322486,277760,-322494,277760,-322502,277760,-322510,277760,-322518,277760,-322526,277760,284540,277760,280320,277760,290726,277760,281416,277760,280290,277760,284246,277760,283280,277760,289094,277760,287534,277760,275214,277760,278138,277760,280806,277760,290048,277760,280130,277760,287788,277760,290952,277760,288550,277760,287168,277760,282682,277760,289098,277760,284464,277760,284088,277760,-331008,277760,-331016,277760,-331024,277760,-331032,277760,-331040,277760,-331048,277760,-331056,277760,289058,277760,289480,277760,288138,277760,283218,277760,288154,277760,284042,277760,284942,277760,288632,277760,284392,277760,281996,277760,290274,277760,288040,277760,283642,277760,275222,277760,282262,277760,283002,277760,279112,277760,278032,277760,281806,277760,282498,277760,284614,277760,280234,277760,287908,277760,-330870,277760,-330878,277760,-330886,277760,-330894,277760,-330902,277760,-330910,277760,-330918,277760,279840,277760,284066,277760,279796,277760,286922,277760,286642,277760,286080,277760,284482,277760,274092,277760,279330,277760,284468,277760,286476,277760,276930,277760,279120,277760,282912,277760,289714,277760,273742,277760,290548,277760,285394,277760,279686,277760,284170,277760,289620,277760,291334,277760,277820,277760,41862,41860,42082,41860,41876,41860,41820,41818,42038,41818,42040,41818,42012,41818,42006,41818,42042,41818,42044,41818,42014,41818,42016,41818,42026,41818,42028,41818,42024,41818,42022,41818,42034,41818,42036,41818,42032,41818,42030,41818,42020,41818,42000,41818,41998,41818,291410,281872,42008,41818,-325072,281872,-325076,281872,-325068,281872,-325064,281872,-325084,281872,-325088,281872,-325080,281872,-325092,281872,-325108,281872,-325112,281872,-325104,281872,-325100,281872,-325124,281872,-325128,281872,-325120,281872,-325116,281872,-325096,281872,-325060,281872,-325054,281872,280802,281872,278612,281872,290054,281872,287342,281872,275506,281872,276354,281872,285874,281872,284132,281872,276332,281872,274060,281872,-322728,281872,-322732,281872,-322724,281872,-322720,281872,-322740,281872,-322744,281872,-322736,281872,-322748,281872,-322764,281872,-322768,281872,-322760,281872,-322756,281872,-322780,281872,-322784,281872,-322776,281872,-322772,281872,-322752,281872,-322716,281872,-322710,281872,289054,281872,279746,281872,283880,281872,289574,281872,284848,281872,277816,281872,289400,281872,291118,281872,41822,41824,42292,41824,42294,41824,42090,41850,42104,41850,42106,41850,42086,41850,42092,41850,42096,41850,42098,41850,42100,41850,41848,41850,-324160,281872,42116,41850,41852,41850,-324162,281872,-324170,281872,-324156,281872,-324174,281872,42118,41850,42120,41850,-324178,281872,-324182,281872,-324186,281872,280706,281872,-322420,281872,-322422,281872,-322430,281872,-322416,281872,-322434,281872,-322438,281872,-322442,281872,-322446,281872,284650,281872,-326156,281872,-326158,281872,-326166,281872,-326152,281872,-326170,281872,-326174,281872,-326178,281872,-326182,281872,288188,281872,-327804,281872,-327806,281872,-327814,281872,-327800,281872,-327818,281872,-327822,281872,-327826,281872,-327830,281872,289544,281872,41804,41802,42078,41802,41938,41802,273510,281872,41882,41904,41910,41904,41888,41904,41906,41904,41898,41904,41884,41904,41890,41904,41886,41904,41892,41904,41894,41904,41908,41904,41914,41904,41912,41904,41902,41904,41900,41904,42324,41904,290044,-326788,42352,41904,42354,41904,42372,41904,42374,41904,42356,41904,42358,41904,42368,41904,42370,41904,42348,41904,42350,41904,42396,41904,42398,41904,42344,41904,42346,41904,42384,41904,42386,41904,42388,41904,42390,41904,42360,41904,42362,41904,42400,41904,42402,41904,42380,41904,42382,41904,42392,41904,42394,41904,42364,41904,42366,41904,-326792,-326788,-326800,-326788,-326808,-326788,-326816,-326788,-326824,-326788,-326832,-326788,-326840,-326788,-326854,-326788,-326860,-326788,-326866,-326788,-326872,-326788,-326878,-326788,-326886,-326788,-326894,-326788,41870,41872,42318,41872,42320,41872,290148,277826]]}],"project-settings":[{"id":-1,"assetBundleId":-2,"data":[[["UnityEngine.EventSystems.EventSystem",-1000],["UnityEngine.UI.ToggleGroup",10],["TMPro.TextMeshPro",-105],["TMPro.TextMeshProUGUI",-100],["TMPro.TextContainer",-110]],[[0,"Default",0]],[[0,"Default"],[1,"TransparentFX"],[2,"Ignore Raycast"],[4,"Water"],[5,"UI"]],[0.0299999993294477,0.333333343267441,1,0.0500000007450581],[0,-9.8100004196167,0,6,2,0,1,[[0,0,0],[0,0,1],[0,0,2],[0,0,4],[0,0,5],[0,1,0],[0,1,1],[0,1,2],[0,1,4],[0,1,5],[0,2,0],[0,2,1],[0,2,2],[0,2,4],[0,2,5],[0,4,0],[0,4,1],[0,4,2],[0,4,4],[0,4,5],[0,5,0],[0,5,1],[0,5,2],[0,5,4],[0,5,5]]],[null,null,0,-9.8100004196167,3,8,1,0.200000002980232,8,100,360,0.200000002980232,0.75,0.5,0.00999999977648258,2,0.00999999977648258,1,1,1,1,1,0,[[0,0,0],[0,0,1],[0,0,2],[0,0,4],[0,0,5],[0,1,0],[0,1,1],[0,1,2],[0,1,4],[0,1,5],[0,2,0],[0,2,1],[0,2,2],[0,2,4],[0,2,5],[0,4,0],[0,4,1],[0,4,2],[0,4,4],[0,4,5],[0,5,0],[0,5,1],[0,5,2],[0,5,4],[0,5,5]]],[[[[],["Very Low","Low","Medium","High","Very High","Ultra"],0,0,0,0.300000011920929,1,15,0,1,0,0,0,1,1,1,2,4,0,0,0.333333343267441,0.0666666701436043,0.200000002980232,0.466666668653488,0,0,16,2,0,3,512,0,1,2,512,1,1024,0],[[],["Very Low","Low","Medium","High","Very High","Ultra"],0,0,0,0.400000005960464,1,20,0,1,0,0,0,1,1,0,2,16,0,0,0.333333343267441,0.0666666701436043,0.200000002980232,0.466666668653488,0,0,16,2,0,3,512,0,1,2,512,1,1024,1],[[],["Very Low","Low","Medium","High","Very High","Ultra"],1,1,0,0.699999988079071,1,20,0,1,0,0,0,1,1,0,2,64,1,0,0.333333343267441,0.0666666701436043,0.200000002980232,0.466666668653488,0,1,16,2,0,3,512,0,1,2,512,1,1024,2],[[],["Very Low","Low","Medium","High","Very High","Ultra"],2,1,0,1,2,40,1,1,1,0,1,1,1,0,2,256,2,1,0.333333343267441,0.0666666701436043,0.200000002980232,0.466666668653488,0,1,16,2,1,3,512,0,1,2,512,1,1024,3],[[],["Very Low","Low","Medium","High","Very High","Ultra"],2,2,2,1.5,2,70,1,1,2,1,1,1,1,0,2,1024,3,1,0.333333343267441,0.0666666701436043,0.200000002980232,0.466666668653488,0,1,16,2,1,3,512,0,1,2,512,1,1024,4],[[],["Very Low","Low","Medium","High","Very High","Ultra"],2,2,2,2,4,150,1,1,2,1,1,1,1,0,2,4096,4,1,0.333333343267441,0.0666666701436043,0.200000002980232,0.466666668653488,0,1,16,2,1,3,512,0,1,2,512,1,1024,5]],["Very Low","Low","Medium","High","Very High","Ultra"],2,2,2,2,4,150,1,1,2,1,1,1,1,0,2,4096,4,1,0.333333343267441,0.0666666701436043,0.200000002980232,0.466666668653488,0,1,16,2,1,3,512,0,1,2,512,1,1024,5],0,0,1,2,1,["Untagged","Respawn","Finish","EditorOnly","MainCamera","Player","GameController","Obstacle"]]}]}