{"materials":[{"id":686,"path":"Resources/unity_builtin_extra\\Default-Material","assetBundleId":-2,"data":["Default-Material",0,66,2000,0,[["_Cutoff",0.5],["_Glossiness",0.5],["_GlossMapScale",1],["_SmoothnessTextureChannel",0],["_Metallic",0],["_SpecularHighlights",1],["_GlossyReflections",1],["_BumpScale",1],["_Parallax",0.0199999995529652],["_OcclusionStrength",1],["_DetailNormalMapScale",1],["_UVSec",0],["_Mode",0],["_SrcBlend",1],["_DstBlend",0],["_ZWrite",1]],[["_Color",1,1,1,1],["_EmissionColor",0,0,0,0.999999940395355]],[["_MainTex_ST",1,1,0,0],["_MetallicGlossMap_ST",1,1,0,0],["_BumpMap_ST",1,1,0,0],["_ParallaxMap_ST",1,1,0,0],["_OcclusionMap_ST",1,1,0,0],["_EmissionMap_ST",1,1,0,0],["_DetailMask_ST",1,1,0,0],["_DetailAlbedoMap_ST",1,1,0,0],["_DetailNormalMap_ST",1,1,0,0]],[["_MainTex",null,null],["_MetallicGlossMap",null,null],["_BumpMap",null,null],["_ParallaxMap",null,null],["_OcclusionMap",null,null],["_EmissionMap",null,null],["_DetailMask",null,null],["_DetailAlbedoMap",null,null],["_DetailNormalMap",null,null]],[["_EMISSION",1]]]},{"id":688,"path":"Resources/unity_builtin_extra\\Default-Skybox","assetBundleId":-2,"data":["Default-Skybox",0,152,1000,0,[["_SunDisk",1],["_SunSize",0.0399999991059303],["_SunSizeConvergence",5],["_AtmosphereThickness",1],["_Exposure",1.29999995231628]],[["_SkyTint",0.5,0.5,0.5,1],["_GroundColor",0.36899995803833,0.348999977111816,0.340999931097031,1]],[],[],[["_SUNDISK_SIMPLE",1]]]}],"shaders":[{"id":28,"assetBundleId":-2,"data":[[],"UI/Default",null,["UNITY_UI_ALPHACLIP","UNITY_UI_CLIP_RECT","STEREO_CUBEMAP_RENDER_ON","STEREO_INSTANCING_ON","STEREO_MULTIVIEW_ON","UNITY_SINGLE_PASS_STEREO","_"],[[0,0,"Default",0,"",0,[0,"unity_GUIZTestMode"],[0,null],[0,null],[[1,null],[10,null],[0,null]],[[1,null],[10,null],[0,null]],[0,"_ColorMask"],[0,null],[0,null],[0,"_Stencil"],[0,"_StencilReadMask"],[0,"_StencilWriteMask"],[[0,"_StencilOp"],[0,null],[0,null],[0,"_StencilComp"]],[[0,null],[0,null],[0,null],[8,null]],[[0,null],[0,null],[0,null],[8,null]],[["CanUseSpriteAtlas","true"],["IGNOREPROJECTOR","true"],["PreviewType","Plane"],["QUEUE","Transparent"],["RenderType","Transparent"]],["STEREO_CUBEMAP_RENDER_ON","STEREO_INSTANCING_ON","STEREO_MULTIVIEW_ON","UNITY_SINGLE_PASS_STEREO","UNITY_UI_ALPHACLIP","UNITY_UI_CLIP_RECT","_"],[],[[0,0,[],8,9,0,0],[0,0,[],10,11,1,0]],[],0]],[],[["_MainTex",4,0,0,0,0,"white",2],["_Color",0,1,1,1,1,"",0],["_StencilComp",2,8,0,0,0,"",0],["_Stencil",2,0,0,0,0,"",0],["_StencilOp",2,0,0,0,0,"",0],["_StencilWriteMask",2,255,0,0,0,"",0],["_StencilReadMask",2,255,0,0,0,"",0],["_ColorMask",2,15,0,0,0,"",0],["_UseUIAlphaClip",2,0,0,0,0,"",0]],null,null,0,0,0]},{"id":46,"assetBundleId":-2,"data":[[],"Hidden/BlitCopy",null,["STEREO_CUBEMAP_RENDER_ON","STEREO_INSTANCING_ON","STEREO_MULTIVIEW_ON","UNITY_SINGLE_PASS_STEREO"],[[0,0,"",0,"",0,[8,null],[0,null],[0,null],[[1,null],[0,null],[0,null]],[[1,null],[0,null],[0,null]],[15,null],[0,null],[0,null],[0,null],[255,null],[255,null],[[0,null],[0,null],[0,null],[8,null]],[[0,null],[0,null],[0,null],[8,null]],[[0,null],[0,null],[0,null],[8,null]],[],["STEREO_CUBEMAP_RENDER_ON","STEREO_INSTANCING_ON","STEREO_MULTIVIEW_ON","UNITY_SINGLE_PASS_STEREO"],[],[],[],0]],[],[["_MainTex",4,0,0,0,0,"",0],["_Color",0,1,1,1,1,"",0]],null,null,0,0,0]},{"id":70,"assetBundleId":-2,"data":[[],"Legacy Shaders/VertexLit",null,["FOG_EXP","FOG_EXP2","FOG_LINEAR","POINT","SPOT","SHADOWS_DEPTH","STEREO_CUBEMAP_RENDER_ON","STEREO_INSTANCING_ON","STEREO_MULTIVIEW_ON","UNITY_SINGLE_PASS_STEREO","_","__","INSTANCING_ON","SHADOWS_CUBE"],[[0,0,"",1,"",0,[4,null],[1,null],[2,null],[[1,null],[0,null],[0,null]],[[1,null],[0,null],[0,null]],[15,null],[0,null],[0,null],[0,null],[255,null],[255,null],[[0,null],[0,null],[0,null],[8,null]],[[0,null],[0,null],[0,null],[8,null]],[[0,null],[0,null],[0,null],[8,null]],[["LIGHTMODE","Vertex"],["RenderType","Opaque"]],["FOG_EXP","FOG_EXP2","FOG_LINEAR","POINT","SPOT","STEREO_CUBEMAP_RENDER_ON","STEREO_INSTANCING_ON","STEREO_MULTIVIEW_ON","UNITY_SINGLE_PASS_STEREO","_"],[],[],[],0],[1,0,"",2,"",0,[4,null],[1,null],[2,null],[[1,null],[0,null],[0,null]],[[1,null],[0,null],[0,null]],[15,null],[0,null],[0,null],[0,null],[255,null],[255,null],[[0,null],[0,null],[0,null],[8,null]],[[0,null],[0,null],[0,null],[8,null]],[[0,null],[0,null],[0,null],[8,null]],[["LIGHTMODE","VertexLM"],["RenderType","Opaque"]],["FOG_EXP","FOG_EXP2","FOG_LINEAR","STEREO_CUBEMAP_RENDER_ON","STEREO_INSTANCING_ON","STEREO_MULTIVIEW_ON","UNITY_SINGLE_PASS_STEREO","__"],[],[],[],0],[2,0,"ShadowCaster",8,"",0,[4,null],[1,null],[2,null],[[1,null],[0,null],[0,null]],[[1,null],[0,null],[0,null]],[15,null],[0,null],[0,null],[0,null],[255,null],[255,null],[[0,null],[0,null],[0,null],[8,null]],[[0,null],[0,null],[0,null],[8,null]],[[0,null],[0,null],[0,null],[8,null]],[["LIGHTMODE","SHADOWCASTER"],["RenderType","Opaque"],["SHADOWSUPPORT","true"]],["INSTANCING_ON","SHADOWS_CUBE","SHADOWS_DEPTH","STEREO_CUBEMAP_RENDER_ON","STEREO_INSTANCING_ON","STEREO_MULTIVIEW_ON","UNITY_SINGLE_PASS_STEREO","__"],[],[],[],0]],[],[["_Color",0,1,1,1,1,"",0],["_SpecColor",0,1,1,1,1,"",0],["_Emission",0,0,0,0,0,"",0],["_Shininess",3,0.699999988079071,0.00999999977648258,1,0,"",0],["_MainTex",4,0,0,0,0,"white",0]],null,null,0,0,0]},{"id":152,"assetBundleId":-2,"data":[[],"Skybox/Procedural",null,["_SUNDISK_HIGH_QUALITY","_SUNDISK_NONE","_SUNDISK_SIMPLE","STEREO_CUBEMAP_RENDER_ON","STEREO_INSTANCING_ON","STEREO_MULTIVIEW_ON","UNITY_SINGLE_PASS_STEREO"],[[0,0,"",0,"",0,[4,null],[0,null],[0,null],[[1,null],[0,null],[0,null]],[[1,null],[0,null],[0,null]],[15,null],[0,null],[0,null],[0,null],[255,null],[255,null],[[0,null],[0,null],[0,null],[8,null]],[[0,null],[0,null],[0,null],[8,null]],[[0,null],[0,null],[0,null],[8,null]],[["PreviewType","Skybox"],["QUEUE","Background"],["RenderType","Background"]],["STEREO_CUBEMAP_RENDER_ON","STEREO_INSTANCING_ON","STEREO_MULTIVIEW_ON","UNITY_SINGLE_PASS_STEREO","_SUNDISK_HIGH_QUALITY","_SUNDISK_NONE","_SUNDISK_SIMPLE"],[],[[0,0,["_SUNDISK_SIMPLE"],12,13,0,0],[0,0,["_SUNDISK_SIMPLE"],14,15,1,0]],[],0]],[],[["_SunDisk",2,2,0,0,0,"",0],["_SunSize",3,0.0399999991059303,0,1,0,"",0],["_SunSizeConvergence",3,5,1,10,0,"",0],["_AtmosphereThickness",3,1,0,5,0,"",0],["_SkyTint",0,0.5,0.5,0.5,1,"",0],["_GroundColor",0,0.368999987840652,0.349000006914139,0.340999990701675,1,"",0],["_Exposure",3,1.29999995231628,0,8,0,"",0]],null,null,0,0,0]},{"id":66,"assetBundleId":-2,"data":[[],"Standard",null,["DIRECTIONAL","DIRLIGHTMAP_COMBINED","FOG_EXP","FOG_EXP2","FOG_LINEAR","LIGHTMAP_ON","LIGHTPROBE_SH","SHADOWS_SCREEN","SHADOWS_SHADOWMASK","VERTEXLIGHT_ON","_ALPHABLEND_ON","_ALPHAPREMULTIPLY_ON","_ALPHATEST_ON","_EMISSION","_GLOSSYREFLECTIONS_OFF","_METALLICGLOSSMAP","_NORMALMAP","_PARALLAXMAP","_SMOOTHNESS_TEXTURE_ALBEDO_CHANNEL_A","_SPECULARHIGHLIGHTS_OFF","DIRECTIONAL_COOKIE","POINT","POINT_COOKIE","SHADOWS_DEPTH","SPOT","DYNAMICLIGHTMAP_ON","INSTANCING_ON","LIGHTMAP_SHADOW_MIXING","STEREO_CUBEMAP_RENDER_ON","STEREO_INSTANCING_ON","STEREO_MULTIVIEW_ON","UNITY_SINGLE_PASS_STEREO","_DETAIL_MULX2","__","_","SHADOWS_CUBE","SHADOWS_SOFT"],[[0,0,"FORWARD",4,"",0,[4,null],[0,"_ZWrite"],[2,null],[[0,"_SrcBlend"],[0,"_DstBlend"],[0,null]],[[0,"_SrcBlend"],[0,"_DstBlend"],[0,null]],[15,null],[0,null],[0,null],[0,null],[255,null],[255,null],[[0,null],[0,null],[0,null],[8,null]],[[0,null],[0,null],[0,null],[8,null]],[[0,null],[0,null],[0,null],[8,null]],[["LIGHTMODE","FORWARDBASE"],["PerformanceChecks","False"],["RenderType","Opaque"],["SHADOWSUPPORT","true"]],["DIRECTIONAL","DIRLIGHTMAP_COMBINED","DYNAMICLIGHTMAP_ON","FOG_EXP","FOG_EXP2","FOG_LINEAR","INSTANCING_ON","LIGHTMAP_ON","LIGHTMAP_SHADOW_MIXING","LIGHTPROBE_SH","SHADOWS_SCREEN","SHADOWS_SHADOWMASK","STEREO_CUBEMAP_RENDER_ON","STEREO_INSTANCING_ON","STEREO_MULTIVIEW_ON","UNITY_SINGLE_PASS_STEREO","VERTEXLIGHT_ON","_ALPHABLEND_ON","_ALPHAPREMULTIPLY_ON","_ALPHATEST_ON","_DETAIL_MULX2","_EMISSION","_GLOSSYREFLECTIONS_OFF","_METALLICGLOSSMAP","_NORMALMAP","_PARALLAXMAP","_SMOOTHNESS_TEXTURE_ALBEDO_CHANNEL_A","_SPECULARHIGHLIGHTS_OFF","__","_"],[],[[0,0,["DIRECTIONAL"],16,17,0,0],[0,0,["DIRECTIONAL"],18,19,1,0],[0,0,["DIRECTIONAL","LIGHTPROBE_SH"],20,21,0,0],[0,0,["DIRECTIONAL","LIGHTPROBE_SH"],22,23,1,0],[0,0,["DIRECTIONAL","LIGHTPROBE_SH","_SMOOTHNESS_TEXTURE_ALBEDO_CHANNEL_A"],20,24,0,0],[0,0,["DIRECTIONAL","LIGHTPROBE_SH","_SMOOTHNESS_TEXTURE_ALBEDO_CHANNEL_A"],22,25,1,0],[0,0,["DIRECTIONAL","LIGHTPROBE_SH","_EMISSION"],20,26,0,0],[0,0,["DIRECTIONAL","LIGHTPROBE_SH","_EMISSION"],22,27,1,0]],[],0],[1,0,"FORWARD_DELTA",5,"",0,[4,null],[0,null],[2,null],[[0,"_SrcBlend"],[1,null],[0,null]],[[0,"_SrcBlend"],[1,null],[0,null]],[15,null],[0,null],[0,null],[0,null],[255,null],[255,null],[[0,null],[0,null],[0,null],[8,null]],[[0,null],[0,null],[0,null],[8,null]],[[0,null],[0,null],[0,null],[8,null]],[["LIGHTMODE","FORWARDADD"],["PerformanceChecks","False"],["RenderType","Opaque"],["SHADOWSUPPORT","true"]],["DIRECTIONAL","DIRECTIONAL_COOKIE","FOG_EXP","FOG_EXP2","FOG_LINEAR","LIGHTMAP_SHADOW_MIXING","POINT","POINT_COOKIE","SHADOWS_CUBE","SHADOWS_DEPTH","SHADOWS_SCREEN","SHADOWS_SHADOWMASK","SHADOWS_SOFT","SPOT","STEREO_CUBEMAP_RENDER_ON","STEREO_INSTANCING_ON","STEREO_MULTIVIEW_ON","UNITY_SINGLE_PASS_STEREO","_ALPHABLEND_ON","_ALPHAPREMULTIPLY_ON","_ALPHATEST_ON","_DETAIL_MULX2","_METALLICGLOSSMAP","_NORMALMAP","_PARALLAXMAP","_SMOOTHNESS_TEXTURE_ALBEDO_CHANNEL_A","_SPECULARHIGHLIGHTS_OFF","__","_"],[],[],[],0],[2,0,"ShadowCaster",8,"",0,[4,null],[1,null],[2,null],[[1,null],[0,null],[0,null]],[[1,null],[0,null],[0,null]],[15,null],[0,null],[0,null],[0,null],[255,null],[255,null],[[0,null],[0,null],[0,null],[8,null]],[[0,null],[0,null],[0,null],[8,null]],[[0,null],[0,null],[0,null],[8,null]],[["LIGHTMODE","SHADOWCASTER"],["PerformanceChecks","False"],["RenderType","Opaque"],["SHADOWSUPPORT","true"]],["INSTANCING_ON","SHADOWS_CUBE","SHADOWS_DEPTH","STEREO_CUBEMAP_RENDER_ON","STEREO_INSTANCING_ON","STEREO_MULTIVIEW_ON","UNITY_SINGLE_PASS_STEREO","_ALPHABLEND_ON","_ALPHAPREMULTIPLY_ON","_ALPHATEST_ON","_METALLICGLOSSMAP","_PARALLAXMAP","_SMOOTHNESS_TEXTURE_ALBEDO_CHANNEL_A","__","_"],[],[],[],0]],[],[["_Color",0,1,1,1,1,"",0],["_MainTex",4,0,0,0,0,"white",0],["_Cutoff",3,0.5,0,1,0,"",0],["_Glossiness",3,0.5,0,1,0,"",0],["_GlossMapScale",3,1,0,1,0,"",0],["_SmoothnessTextureChannel",2,0,0,0,0,"",0],["_Metallic",3,0,0,1,0,"",32],["_MetallicGlossMap",4,0,0,0,0,"white",0],["_SpecularHighlights",2,1,0,0,0,"",0],["_GlossyReflections",2,1,0,0,0,"",0],["_BumpScale",2,1,0,0,0,"",0],["_BumpMap",4,0,0,0,0,"bump",8],["_Parallax",3,0.0199999995529652,0.00499999988824129,0.0799999982118607,0,"",0],["_ParallaxMap",4,0,0,0,0,"black",0],["_OcclusionStrength",3,1,0,1,0,"",0],["_OcclusionMap",4,0,0,0,0,"white",0],["_EmissionColor",0,0,0,0,1,"",0],["_EmissionMap",4,0,0,0,0,"white",0],["_DetailMask",4,0,0,0,0,"white",0],["_DetailAlbedoMap",4,0,0,0,0,"grey",0],["_DetailNormalMapScale",2,1,0,0,0,"",0],["_DetailNormalMap",4,0,0,0,0,"bump",8],["_UVSec",2,0,0,0,0,"",0],["_Mode",2,0,0,0,0,"",1],["_SrcBlend",2,1,0,0,0,"",1],["_DstBlend",2,0,0,0,0,"",1],["_ZWrite",2,1,0,0,0,"",1]],0,70,0,0,0]}],"cubemaps":[{"id":42526,"type":2,"path":"Assets/Scenes/SampleScene.unity/PrefilteredEnvironment.exr","assetBundleId":-2,"data":["",-25048,8,1,128,0,2,[0,0,0.25,0.5,0,0.5,0.25,1,0.25,0,0.5,0.5,0.25,0.5,0.5,1,0.5,0,0.75,0.5,0.75,0,1,0.5,0.5,0.5,0.625,0.75,0.5,0.75,0.625,1,0.625,0.5,0.75,0.75,0.625,0.75,0.75,1,0.75,0.5,0.875,0.75,0.875,0.5,1,0.75,0.75,0.75,0.8125,0.875,0.75,0.875,0.8125,1,0.8125,0.75,0.875,0.875,0.8125,0.875,0.875,1,0.875,0.75,0.9375,0.875,0.9375,0.75,1,0.875,0.875,0.875,0.90625,0.9375,0.875,0.9375,0.90625,1,0.90625,0.875,0.9375,0.9375,0.90625,0.9375,0.9375,1,0.9375,0.875,0.96875,0.9375,0.96875,0.875,1,0.9375,0.9375,0.9375,0.953125,0.96875,0.9375,0.96875,0.953125,1,0.953125,0.9375,0.96875,0.96875,0.953125,0.96875,0.96875,1,0.96875,0.9375,0.984375,0.96875,0.984375,0.9375,1,0.96875,0.96875,0.96875,0.9765625,0.984375,0.96875,0.984375,0.9765625,1,0.9765625,0.96875,0.984375,0.984375,0.9765625,0.984375,0.984375,1,0.984375,0.96875,0.9921875,0.984375,0.9921875,0.96875,1,0.984375,0.984375,0.984375,0.98828125,0.9921875,0.984375,0.9921875,0.98828125,1,0.98828125,0.984375,0.9921875,0.9921875,0.98828125,0.9921875,0.9921875,1,0.9921875,0.984375,0.99609375,0.9921875,0.99609375,0.984375,1,0.9921875,0.9921875,0.9921875,0.994140625,0.99609375,0.9921875,0.99609375,0.994140625,1,0.994140625,0.9921875,0.99609375,0.99609375,0.994140625,0.99609375,0.99609375,1,0.99609375,0.9921875,0.998046875,0.99609375,0.998046875,0.9921875,1,0.99609375],1,1]}],"resources":[{"id":0,"assetBundleId":-2,"data":[[["ui/warningsign_red",1,41584],["ui/warningsign_red",21,41544],["texrures/log-raw-and-pleed",4,41410],["unity_builtin_extra",0,66],["texrures/log-03-raw",1,42364],["texrures/log.001",6,23680],["fbx/derevo/derevo",4,41598],["fbx/derevo/tree-env_tex",1,42092],["fbx/derevo/дерево тёмное зеленое",6,23594],["fbx/forklift/forklift",33,41422],["fbx/forklift/forklift",4,42058],["fbx/forklift/tex/forklift_tex",1,42350],["fbx/forklift/forklift",6,23702],["fbx/forklift/forklift",4,42044],["fbx/forklift/forklift",4,42054],["fbx/forklift/forklift",4,42052],["fbx/forklift/forklift",4,42060],["fbx/forklift/forklift",4,42048],["fbx/forklift/forklift",4,42050],["fbx/forklift/forklift",4,42046],["fbx/forklift/forklift",4,42056],["fbx/forklift/forklift",4,41988],["texrures/log-raw-and-pleed",33,41414],["fbx/truck/truck",33,41452],["fbx/truck/truck",4,41960],["fbx/truck/tex/truck_tex",1,42192],["fbx/truck/truck_2",6,23614],["fbx/truck/truck",4,41950],["fbx/truck/truck",4,41948],["fbx/truck/truck",4,41954],["fbx/truck/truck",4,41952],["fbx/truck/truck",4,41958],["fbx/truck/truck",4,41956],["ui/bubble",1,41566],["ui/bubble",21,41458],["ui/big_log",1,41582],["ui/big_log",21,41482],["fbx/domik_2",33,41442],["fbx/domik_2",4,41700],["fbx/domik_2",6,41686],["fbx/domik_2",6,41688],["fbx/domik_2",6,41554],["fbx/domik_2",6,41690],["fbx/domik_2",6,41692],["fbx/domik_2",6,41694],["fbx/domik_2",6,41696],["fbx/domik_2",6,41698],["male-chopper/male-chopper",33,41462],["male-chopper/male-chopper",1,42122],["male-chopper/chopper",6,23608],["male-chopper/male-chopper",4,41722],["fbx/domik_3",33,41436],["fbx/domik_3",4,41640],["fbx/domik_3",6,41620],["fbx/domik_3",6,41622],["fbx/domik_3",6,41624],["fbx/domik_3",6,41626],["fbx/domik_3",6,41628],["fbx/domik_3",6,41630],["fbx/domik_3",6,41632],["fbx/domik_3",6,41634],["fbx/domik_3",6,41636],["fbx/domik_3",6,41638],["fbx/domik_3",6,41556],["fbx/knopka",33,41472],["fbx/knopka",4,41680],["fbx/plashka_black",6,23576],["fbx/knopka",4,41678],["fbx/white",6,23592],["fonts & materials/liberationsans sdf",1,23694],["fonts & materials/liberationsans sdf",6,23692],["fonts & materials/liberationsans sdf - fallback",1,23606],["fonts & materials/liberationsans sdf - fallback",6,23604],["fonts & materials/liberationsans sdf - fallback",45,23602],["fonts & materials/liberationsans sdf",45,23690],["fonts & materials/liberationsans sdf - drop shadow",6,23574],["ui/hand",1,41578],["ui/hand",21,41468],["models/asset_lumber_41",33,41418],["models/asset_lumber_41",4,41964],["models/material/3drying_room_tex",1,42094],["models/material/2atlas_build",1,42346],["models/material/material #840 - copy - copy",6,23600],["models/material/2drying_room_tex",1,42088],["models/material/material #798 - copy - copy",6,23684],["ui/1 (7)",1,41588],["ui/1 (7)",21,41558],["ui/character_1000_compressed",1,41580],["ui/character_1000_compressed",21,41480],["ui/packshot_cta",1,41586],["ui/packshot_cta",21,41548],["ui/packshot_logo",1,41562],["ui/packshot_logo",21,41446],["ui/packshot_background_2",1,41564],["ui/packshot_background_2",21,41456],["ui/money",1,42294],["fbx/location/location_1",33,41516],["fbx/location/location_1",4,41884],["fbx/location_1.fbm/колонна 001_diffuse",1,42108],["fbx/location/колонна 001",6,23598],["unity_builtin_extra",6,686],["fbx/location/location_1",4,41866],["fbx/location/location_1",4,41872],["fbx/location/location_1",4,41870],["fbx/location/location_1",4,41862],["fbx/location/location_1",4,41868],["fbx/location/location_1",4,41882],["fbx/location/plashka",6,23636],["fbx/location/location_1",4,41878],["fbx/location/material 022",6,23668],["fbx/location/location_1",4,41874],["fbx/location/location_1",4,41886],["fbx/location/location_1",4,41888],["fbx/location/location_1",4,41876],["fbx/location/location_1",4,41864],["fbx/location/location_1",4,41880],["fbx/location/green_floor",6,23676],["fbx/location/location_1",4,41890],["fbx/conveyor/conveyor",33,41490],["fbx/conveyor/conveyor",4,41614],["fbx/conveyor/tex/conveyor",1,42112],["fbx/conveyor/tex/2",6,23642],["unity_builtin_extra",0,152],["unity_builtin_extra",6,688],["unity_builtin_extra",0,28],["dotweensettings",58,23662],["sprite assets/emojione",6,42366],["sprite assets/emojione",60,23590],["style sheets/default style sheet",61,23700],["linebreaking leading characters",62,42084],["linebreaking following characters",62,42086],["tmp settings",59,23656]],[41404,41406,41594,41406,41596,41406,49464,51616,52212,51616,42818,51616,55704,51616,47240,51616,59986,51616,60150,51616,52962,51616,46686,51616,58722,51616,58960,51616,45370,51616,46498,51616,59226,51616,55256,51616,55732,51616,42960,51616,50770,51616,56720,51616,57910,51616,59194,51616,55292,51616,53536,51616,48718,51616,44894,51616,49096,51616,55960,51616,46570,51616,47900,51616,49202,51616,52158,51616,51374,51616,56414,51616,54122,51616,54278,51616,57046,51616,56246,51616,54894,51616,54170,51616,44378,51616,46084,51616,54936,51616,47636,51616,50628,51616,53416,51616,43592,51616,58316,51616,51518,51616,56102,51616,56350,51616,50914,51616,43440,51616,50560,51616,47404,51616,55968,51616,57732,51616,50438,51616,48778,51616,55232,51616,51428,51616,56972,51616,47146,51616,51140,51616,43768,51616,48882,51616,54862,51616,45214,51616,50260,51616,44792,51616,58992,51616,49050,51616,53596,51616,48964,51616,55068,51616,49330,51616,51352,51616,58544,51616,56402,51616,53120,51616,49998,51616,59918,51616,53788,51616,49138,51616,46440,51616,50824,51616,48116,51616,50648,51616,54306,51616,49976,51616,45966,51616,44942,51616,50774,51616,59940,51616,46954,51616,51322,51616,56344,51616,57312,51616,54038,51616,50594,51616,58524,51616,54898,51616,53268,51616,47332,51616,56144,51616,55022,51616,58890,51616,49804,51616,48676,51616,49800,51616,55900,51616,52372,51616,46674,51616,47618,51616,55384,51616,59310,51616,54556,51616,48692,51616,46142,51616,46426,51616,42768,51616,48042,51616,48624,51616,56628,51616,58740,51616,51222,51616,57972,51616,55646,51616,55438,51616,55116,51616,49742,51616,43298,51616,51666,51616,57298,51616,47130,51616,56858,51616,57356,51616,46728,51616,42538,51616,47056,51616,44538,51616,53692,51616,46974,51616,46682,51616,57348,51616,56230,51616,49046,51616,43412,51616,52078,51616,45026,51616,56548,51616,52820,51616,53952,51616,60004,51616,45560,51616,51654,51616,58222,51616,47438,51616,46574,51616,50654,51616,51630,51616,52590,51616,45244,51616,51194,51616,56210,51616,59982,51616,46920,51616,44020,51616,48134,51616,43708,51616,42812,51616,45060,51616,42894,51616,43480,51616,51378,51616,53970,51616,50492,51616,43914,51616,50786,51616,51596,51616,48864,51616,53798,51616,49430,51616,58994,51616,48846,51616,56578,51616,48018,51616,56952,51616,56278,51616,42678,51616,49102,51616,47768,51616,50240,51616,59010,51616,47036,51616,58254,51616,58520,51616,42996,51616,51698,51616,57416,51616,45674,51616,59350,51616,49518,51616,59488,51616,60138,51616,60100,51616,50982,51616,55220,51616,50532,51616,48522,51616,52194,51616,49644,51616,50004,51616,46118,51616,47836,51616,59834,51616,53174,51616,46852,51616,55460,51616,53518,51616,51752,51616,51748,51616,54692,51616,50918,51616,50348,51616,44710,51616,59790,51616,54408,51616,57628,51616,48550,51616,45210,51616,44702,51616,47386,51616,56282,51616,59504,51616,49828,51616,56238,51616,55026,51616,57148,51616,53432,51616,53784,51616,50212,51616,49380,51616,58188,51616,53144,51616,55904,51616,52264,51616,42650,51616,52582,51616,49098,51616,46726,51616,43000,51616,59026,51616,47782,51616,43562,51616,43072,51616,43408,51616,60058,51616,53498,51616,43980,51616,47650,51616,45284,51616,56478,51616,42614,51616,43676,51616,55000,51616,57024,51616,50450,51616,54110,51616,58342,51616,54228,51616,49990,51616,50874,51616,50318,51616,53372,51616,52586,51616,49550,51616,54866,51616,58148,51616,59506,51616,59568,51616,44220,51616,48012,51616,47584,51616,48310,51616,48764,51616,59178,51616,51426,51616,43792,51616,59586,51616,52648,51616,52848,51616,59856,51616,48780,51616,55192,51616,59148,51616,52956,51616,54102,51616,49156,51616,43192,51616,54778,51616,43854,51616,58326,51616,59498,51616,54144,51616,49376,51616,46756,51616,52660,51616,53990,51616,55240,51616,49170,51616,53162,51616,45988,51616,55426,51616,46296,51616,55662,51616,52774,51616,48480,51616,54176,51616,55580,51616,49106,51616,43064,51616,53290,51616,50334,51616,53080,51616,59468,51616,54854,51616,45738,51616,45532,51616,56682,51616,54808,51616,59906,51616,49142,51616,53666,51616,45962,51616,57016,51616,43918,51616,46334,51616,45084,51616,47976,51616,47884,51616,51394,51616,57654,51616,57280,51616,48068,51616,55224,51616,47162,51616,43494,51616,60222,51616,51614,51616,59652,51616,45178,51616,55278,51616,55576,51616,54616,51616,53904,51616,55908,51616,58950,51616,43820,51616,45876,51616,48306,51616,55298,51616,42956,51616,54806,51616,55584,51616,52260,51616,50680,51616,51370,51616,47904,51616,49974,51616,49146,51616,43574,51616,45958,51616,58526,51616,50754,51616,56740,51616,46560,51616,55736,51616,55476,51616,43648,51616,48916,51616,46542,51616,57206,51616,53996,51616,50556,51616,56936,51616,53802,51616,51526,51616,52446,51616,56834,51616,51734,51616,43386,51616,46804,51616,48224,51616,52602,51616,53820,51616,48014,51616,59040,51616,44634,51616,49486,51616,42866,51616,50114,51616,44984,51616,44358,51616,58744,51616,45218,51616,56484,51616,59974,51616,42558,51616,47804,51616,59184,51616,54106,51616,43502,51616,50000,51616,46356,51616,59328,51616,44492,51616,57630,51616,49400,51616,60128,51616,56084,51616,48606,51616,42788,51616,53924,51616,45248,51616,45374,51616,44076,51616,52052,51616,56622,51616,53468,51616,45402,51616,57672,51616,50414,51616,52954,51616,48770,51616,56530,51616,43780,51616,52112,51616,46934,51616,49058,51616,58876,51616,47422,51616,58302,51616,54986,51616,42968,51616,56338,51616,56976,51616,48934,51616,52324,51616,48382,51616,49032,51616,44500,51616,42948,51616,45606,51616,44314,51616,46288,51616,50996,51616,50264,51616,55390,51616,57908,51616,53616,51616,46370,51616,51786,51616,57154,51616,54782,51616,43260,51616,57960,51616,44034,51616,44956,51616,58468,51616,42816,51616,49660,51616,46454,51616,50036,51616,48168,51616,51680,51616,42556,51616,44496,51616,49350,51616,46314,51616,57706,51616,52164,51616,48688,51616,49154,51616,59826,51616,48546,51616,60078,51616,57344,51616,58884,51616,56602,51616,59600,51616,52706,51616,52278,51616,43738,51616,58436,51616,48966,51616,52074,51616,56570,51616,54706,51616,52542,51616,59248,51616,59154,51616,55430,51616,59748,51616,50180,51616,43558,51616,43802,51616,59158,51616,53646,51616,43288,51616,46242,51616,47122,51616,51362,51616,48500,51616,51252,51616,43756,51616,42562,51616,57798,51616,47306,51616,52116,51616,44174,51616,43636,51616,49712,51616,51578,51616,59430,51616,55388,51616,48868,51616,46070,51616,49320,51616,51356,51616,59230,51616,48672,51616,52480,51616,46248,51616,44428,51616,51662,51616,59162,51616,43430,51616,43976,51616,46338,51616,53994,51616,56574,51616,49236,51616,47860,51616,43400,51616,54140,51616,54514,51616,55572,51616,56678,51616,59648,51616,48220,51616,47094,51616,50930,51616,59728,51616,59522,51616,55696,51616,49936,51616,48720,51616,50778,51616,54518,51616,54036,51616,50512,51616,44340,51616,56042,51616,56856,51616,50418,51616,52256,51616,44938,51616,56342,51616,57618,51616,59256,51616,42784,51616,52056,51616,56830,51616,56428,51616,58278,51616,43772,51616,46290,51616,46284,51616,56886,51616,50468,51616,57948,51616,50500,51616,54818,51616,53600,51616,60064,51616,55622,51616,42590,51616,47272,51616,60104,51616,45686,51616,42954,51616,57998,51616,52876,51616,53754,51616,46564,51616,45494,51616,60134,51616,45896,51616,51188,51616,58828,51616,48938,51616,47892,51616,46914,51616,51822,51616,54786,51616,46896,51616,45616,51616,60142,51616,58016,51616,47998,51616,43056,51616,48750,51616,55912,51616,56958,51616,51282,51616,48404,51616,59860,51616,58386,51616,54180,51616,59706,51616,47682,51616,48602,51616,42604,51616,49208,51616,54790,51616,55260,51616,56632,51616,44212,51616,44560,51616,47690,51616,50936,51616,56512,51616,59400,51616,56302,51616,51932,51616,54128,51616,43868,51616,52720,51616,54468,51616,55504,51616,48460,51616,46170,51616,57854,51616,55444,51616,58906,51616,55140,51616,49396,51616,46292,51616,50926,51616,56552,51616,57978,51616,59486,51616,48970,51616,45432,51616,54812,51616,46960,51616,42732,51616,54714,51616,44744,51616,55862,51616,48438,51616,47790,51616,58180,51616,49686,51616,59598,51616,52868,51616,46502,51616,44224,51616,48456,51616,58954,51616,57412,51616,59394,51616,54414,51616,48656,51616,53828,51616,49062,51616,53368,51616,52326,51616,49816,51616,56370,51616,57384,51616,54730,51616,58914,51616,51088,51616,55992,51616,58282,51616,49852,51616,57470,51616,58230,51616,55742,51616,48564,51616,50434,51616,52208,51616,53284,51616,46266,51616,55818,51616,42654,51616,46834,51616,59862,51616,51400,51616,55700,51616,53532,51616,42972,51616,55588,51616,47302,51616,50782,51616,54040,51616,56254,51616,58036,51616,50960,51616,42608,51616,54004,51616,49642,51616,52428,51616,47362,51616,54126,51616,53578,51616,57042,51616,57986,51616,46690,51616,59720,51616,49468,51616,46830,51616,46876,51616,54224,51616,53608,51616,56242,51616,49542,51616,44188,51616,51538,51616,55030,51616,55682,51616,56030,51616,44054,51616,51928,51616,51522,51616,57232,51616,46538,51616,54668,51616,50410,51616,57580,51616,53514,51616,59014,51616,55236,51616,55188,51616,54772,51616,51658,51616,51866,51616,47842,51616,43222,51616,47182,51616,48828,51616,51350,51616,58598,51616,57584,51616,55490,51616,53378,51616,56812,51616,42922,51616,56450,51616,53670,51616,54794,51616,46166,51616,48484,51616,58070,51616,53228,51616,59302,51616,58678,51616,42566,51616,58100,51616,45442,51616,44126,51616,53494,51616,57364,51616,60054,51616,46782,51616,44038,51616,51000,51616,50022,51616,54266,51616,59112,51616,58572,51616,44092,51616,56618,51616,53664,51616,55478,51616,59830,51616,45088,51616,46340,51616,46696,51616,44072,51616,46394,51616,53308,51616,48960,51616,52406,51616,53178,51616,50176,51616,43230,51616,53512,51616,56148,51616,54796,51616,52252,51616,55924,51616,50270,51616,51278,51616,45240,51616,52596,51616,46058,51616,47896,51616,44244,51616,53850,51616,54114,51616,45954,51616,43052,51616,43632,51616,53200,51616,52320,51616,47810,51616,51730,51616,44706,51616,57294,51616,53170,51616,44216,51616,54024,51616,53660,51616,55064,51616,53574,51616,58596,51616,43060,51616,53196,51616,59724,51616,55434,51616,45236,51616,52008,51616,56784,51616,46182,51616,46790,51616,59234,51616,59684,51616,51996,51616,54814,51616,53472,51616,56038,51616,45724,51616,56128,51616,54726,51616,49306,51616,59930,51616,53304,51616,54850,51616,58378,51616,46310,51616,56610,51616,56920,51616,50758,51616,57924,51616,56698,51616,44998,51616,59752,51616,46786,51616,53696,51616,54286,51616,43910,51616,50018,51616,58854,51616,60032,51616,51172,51616,44870,51616,43666,51616,60050,51616,48112,51616,57592,51616,45206,51616,44638,51616,42976,51616,47558,51616,57748,51616,57030,51616,53214,51616,59946,51616,54132,51616,52216,51616,43108,51616,43794,51616,56080,51616,43694,51616,49134,51616,51808,51616,48644,51616,45950,51616,57462,51616,42734,51616,54950,51616,47994,51616,43024,51616,47500,51616,44170,51616,42680,51616,45808,51616,43474,51616,48274,51616,53748,51616,54320,51616,59910,51616,45322,51616,56374,51616,51870,51616,52760,51616,57144,51616,55306,51616,59526,51616,46678,51616,54484,51616,48598,51616,53860,51616,49346,51616,47766,51616,59164,51616,58258,51616,49912,51616,57052,51616,53382,51616,50116,51616,44926,51616,48268,51616,58830,51616,57994,51616,54588,51616,54162,51616,46556,51616,59324,51616,47400,51616,49994,51616,55274,51616,57360,51616,53118,51616,55302,51616,48824,51616,49690,51616,52432,51616,51712,51616,50506,51616,58910,51616,57990,51616,51692,51616,47224,51616,51008,51616,50010,51616,47888,51616,57276,51616,47504,51616,55016,51616,44478,51616,56744,51616,55176,51616,59414,51616,55362,51616,43112,51616,47300,51616,49576,51616,54316,51616,59298,51616,53148,51616,58066,51616,58136,51616,47070,51616,48234,51616,55396,51616,52654,51616,47686,51616,48914,51616,54574,51616,52676,51616,51096,51616,45078,51616,58162,51616,52452,51616,46892,51616,54232,51616,50088,51616,44202,51616,43134,51616,43662,51616,44994,51616,44502,51616,52902,51616,43354,51616,50442,51616,58488,51616,59270,51616,57718,51616,57780,51616,52154,51616,53968,51616,58732,51616,59130,51616,58184,51616,51638,51616,49322,51616,43602,51616,43358,51616,58226,51616,55670,51616,54392,51616,45280,51616,42902,51616,57050,51616,58176,51616,56482,51616,50716,51616,51060,51616,51900,51616,53632,51616,44602,51616,56088,51616,48648,51616,50042,51616,52000,51616,56626,51616,55936,51616,51936,51616,49874,51616,43038,51616,59434,51616,58858,51616,59134,51616,43838,51616,52426,51616,54552,51616,50684,51616,48202,51616,57932,51616,43670,51616,53610,51616,58374,51616,51022,51616,51940,51616,46872,51616,46322,51616,45832,51616,54444,51616,55690,51616,55858,51616,44444,51616,53816,51616,48580,51616,44642,51616,56432,51616,43128,51616,57034,51616,54440,51616,55142,51616,52070,51616,59244,51616,49628,51616,49460,51616,58144,51616,51168,51616,43130,51616,43570,51616,54470,51616,51716,51616,50564,51616,57890,51616,56192,51616,47562,51616,51324,51616,58530,51616,52422,51616,46446,51616,55374,51616,55442,51616,50712,51616,55486,51616,46252,51616,53854,51616,46028,51616,59922,51616,51236,51616,55228,51616,43534,51616,52732,51616,53732,51616,46102,51616,46458,51616,43226,51616,42720,51616,53182,51616,45704,51616,58022,51616,60108,51616,46196,51616,51208,51616,54576,51616,58824,51616,52670,51616,59150,51616,45872,51616,56346,51616,59890,51616,59934,51616,56152,51616,43644,51616,53864,51616,50528,51616,57272,51616,51184,51616,47614,51616,54352,51616,55360,51616,44144,51616,58496,51616,55970,51616,49028,51616,53114,51616,45612,51616,42660,51616,53130,51616,57816,51616,48910,51616,42964,51616,51418,51616,52478,51616,54118,51616,57534,51616,42822,51616,48942,51616,50172,51616,54018,51616,56234,51616,53824,51616,42728,51616,58720,51616,54800,51616,51366,51616,52872,51616,55332,51616,58042,51616,48716,51616,50314,51616,48896,51616,46702,51616,54752,51616,58866,51616,46176,51616,42898,51616,48578,51616,58132,51616,47496,51616,59794,51616,57576,51616,52548,51616,57116,51616,43972,51616,43390,51616,45100,51616,51404,51616,52410,51616,59304,51616,46424,51616,46450,51616,43396,51616,57982,51616,54744,51616,49612,51616,53006,51616,54584,51616,55854,51616,53100,51616,49538,51616,47980,51616,59528,51616,56916,51616,48230,51616,51176,51616,58142,51616,55308,51616,57268,51616,48054,51616,49740,51616,54394,51616,46942,51616,45082,51616,57368,51616,57714,51616,55002,51616,51100,51616,59518,51616,48632,51616,47642,51616,59914,51616,42992,51616,54298,51616,56142,51616,55172,51616,48476,51616,55666,51616,47786,51616,44810,51616,51126,51616,58266,51616,56940,51616,56716,51616,50940,51616,45640,51616,56566,51616,58862,51616,59332,51616,54858,51616,57488,51616,48038,51616,54592,51616,50818,51616,42552,51616,56274,51616,53900,51616,50832,51616,47268,51616,44580,51616,54020,51616,54682,51616,48374,51616,55160,51616,59590,51616,56300,51616,56892,51616,51534,51616,47220,51616,58166,51616,49344,51616,54294,51616,46162,51616,51688,51616,59802,51616,50084,51616,52296,51616,43566,51616,53920,51616,52852,51616,59218,51616,51382,51616,44338,51616,54474,51616,56890,51616,45998,51616,54282,51616,57750,51616,43100,51616,54710,51616,51626,51616,43876,51616,51982,51616,42754,51616,48658,51616,55568,51616,54302,51616,42724,51616,46054,51616,55774,51616,44148,51616,57746,51616,55804,51616,53286,51616,45146,51616,45042,51616,44962,51616,52188,51616,44330,51616,59950,51616,57484,51616,47452,51616,47678,51616,54098,51616,53912,51616,46158,51616,48474,51616,47704,51616,57336,51616,51336,51616,54290,51616,56188,51616,47646,51616,59090,51616,44208,51616,52504,51616,55964,51616,49856,51616,45174,51616,47866,51616,44628,51616,44088,51616,44574,51616,49206,51616,54774,51616,49608,51616,47066,51616,46476,51616,58262,51616,42610,51616,47728,51616,53528,51616,57506,51616,52664,51616,57388,51616,44624,51616,50516,51616,51894,51616,48620,51616,46088,51616,54982,51616,56272,51616,49302,51616,45678,51616,56516,51616,43798,51616,44976,51616,42828,51616,56186,51616,45644,51616,55158,51616,43720,51616,51600,51616,57572,51616,54260,51616,48400,51616,43352,51616,50112,51616,54350,51616,47196,51616,56408,51616,45794,51616,53908,51616,43294,51616,45398,51616,45276,51616,47622,51616,46506,51616,50632,51616,59494,51616,46722,51616,42880,51616,55380,51616,42750,51616,47812,51616,46910,51616,47840,51616,49054,51616,44058,51616,58120,51616,56910,51616,57352,51616,48378,51616,44162,51616,52508,51616,43874,51616,55688,51616,48206,51616,55848,51616,49908,51616,51964,51616,45708,51616,55294,51616,53246,51616,55082,51616,50828,51616,46030,51616,54148,51616,49546,51616,44980,51616,43372,51616,44166,51616,47174,51616,43824,51616,59044,51616,52640,51616,57508,51616,53792,51616,51256,51616,55694,51616,53490,51616,52092,51616,57954,51616,57082,51616,59594,51616,51190,51616,56606,51616,43530,51616,48774,51616,48086,51616,57876,51616,56990,51616,46398,51616,49066,51616,56816,51616,44990,51616,49796,51616,58038,51616,49014,51616,51286,51616,43244,51616,48628,51616,54580,51616,57588,51616,50870,51616,53982,51616,50708,51616,49274,51616,51530,51616,43498,51616,51420,51616,52022,51616,47580,51616,47870,51616,58728,51616,56224,51616,44598,51616,46330,51616,43822,51616,46650,51616,49080,51616,50878,51616,58084,51616,47072,51616,56534,51616,51562,51616,56156,51616,47178,51616,48366,51616,57514,51616,45992,51616,58936,51616,57100,51616,59700,51616,43104,51616,59848,51616,44686,51616,54378,51616,60218,51616,56296,51616,57464,51616,51622,51616,58610,51616,46636,51616,55634,51616,43404,51616,49870,51616,47170,51616,57974,51616,58736,51616,59682,51616,57624,51616,56724,51616,48946,51616,59926,51616,60096,51616,46534,51616,51290,51616,48534,51616,58114,51616,50580,51616,47126,51616,44306,51616,50216,51616,51956,51616,58820,51616,45012,51616,56436,51616,54480,51616,46014,51616,51496,51616,46270,51616,54686,51616,50502,51616,43618,51616,43068,51616,57140,51616,46906,51616,58116,51616,50496,51616,58808,51616,57254,51616,43776,51616,57568,51616,48024,51616,53250,51616,42852,51616,51326,51616,54846,51616,56738,51616,43096,51616,52906,51616,59252,51616,56250,51616,50922,51616,44334,51616,57616,51616,45436,51616,51294,51616,45682,51616,56180,51616,50120,51616,43014,51616,59894,51616,50822,51616,52724,51616,58464,51616,46622,51616,47076,51616,53412,51616,56798,51616,54002,51616,49278,51616,55448,51616,59190,51616,56464,51616,55756,51616,53986,51616,54630,51616,58634,51616,55130,51616,48396,51616,54136,51616,58868,51616,56258,51616,52960,51616,42950,51616,50134,51616,60146,51616,43640,51616,44796,51616,52348,51616,43178,51616,49772,51616,51634,51616,57152,51616,42772,51616,50790,51616,45170,51616,57784,51616,60008,51616,47520,51616,47148,51616,50194,51616,57812,51616,52108,51616,47062,51616,46718,51616,57340,51616,53916,51616,57208,51616,59978,51616,55136,51616,57512,51616,53124,51616,54166,51616,51780,51616,48812,51616,48560,51616,55326,51616,51092,51616,57038,51616,45520,51616,52026,51616,46326,51616,53956,51616,53896,51616,44740,51616,50856,51616,41424,41422,41970,41422,41972,41422,41974,41422,41976,41422,41978,41422,41980,41422,41982,41422,41984,41422,41986,41422,42708,50880,42012,41422,42014,41422,42016,41422,42018,41422,42040,41422,42042,41422,42020,41422,42022,41422,42024,41422,42026,41422,42036,41422,42038,41422,42028,41422,42030,41422,42032,41422,42034,41422,42008,41422,42010,41422,41412,41414,41600,41414,41602,41414,41426,41428,41606,41428,41608,41428,-18972,50880,-18980,50880,-18988,50880,-18996,50880,-19004,50880,-19012,50880,-19020,50880,-19028,50880,-19036,50880,46800,50880,58492,50880,57710,50880,54074,50880,59462,50880,52030,50880,53010,50880,47856,50880,48518,50880,44130,50880,49940,50880,59798,50880,55456,50880,59698,50880,43164,50880,54346,50880,45780,50880,58002,50880,57850,50880,51504,50880,58382,50880,55836,50880,41966,41422,41968,41422,41450,41452,41892,41452,41894,41452,41896,41452,41898,41452,41900,41452,41902,41452,41904,41452,45742,46792,41920,41452,41922,41452,41932,41452,41934,41452,41944,41452,41946,41452,41924,41452,41926,41452,41936,41452,41938,41452,41940,41452,41942,41452,41928,41452,41930,41452,41430,41428,-16386,46792,-16394,46792,-16402,46792,-16410,46792,-16418,46792,-16426,46792,-16434,46792,53522,46792,49326,46792,59532,46792,50430,46792,49296,46792,53242,46792,52282,46792,57964,46792,56398,46792,44302,46792,47166,46792,49824,46792,58896,46792,49150,46792,56654,46792,59744,46792,57420,46792,56034,46792,51684,46792,57968,46792,53446,46792,53084,46792,-24370,46792,-24378,46792,-24386,46792,-24394,46792,-24402,46792,-24410,46792,-24418,46792,57928,46792,58346,46792,57004,46792,52220,46792,57020,46792,53038,46792,53892,46792,57502,46792,53388,46792,51004,46792,59108,46792,56906,46792,52644,46792,44310,46792,51260,46792,52004,46792,48130,46792,47060,46792,50814,46792,51500,46792,53582,46792,49240,46792,56774,46792,-21032,46792,-21040,46792,-21048,46792,-21056,46792,-21064,46792,-21072,46792,-21080,46792,48860,46792,53062,46792,48818,46792,55788,46792,55508,46792,54954,46792,53464,46792,43216,46792,48350,46792,53450,46792,55336,46792,45980,46792,48138,46792,51914,46792,58576,46792,42906,46792,59368,46792,54310,46792,48710,46792,53166,46792,58482,46792,60122,46792,46848,46792,51432,50880,41440,41442,41682,41442,41684,41442,41460,41462,41742,41462,41744,41462,41716,41462,41710,41462,41746,41462,41748,41462,41718,41462,41720,41462,41730,41462,41732,41462,41728,41462,41726,41462,41738,41462,41740,41462,41736,41462,41734,41462,41724,41462,41704,41462,41702,41462,60198,50880,41712,41462,-23644,50880,-23648,50880,-23640,50880,-23636,50880,-23656,50880,-23660,50880,-23652,50880,-23664,50880,-23680,50880,-23684,50880,-23676,50880,-23672,50880,-23696,50880,-23700,50880,-23692,50880,-23688,50880,-23668,50880,-23632,50880,-23626,50880,49820,50880,58902,50880,44594,50880,54748,50880,47640,50880,56206,50880,45428,50880,53128,50880,45406,50880,49418,50880,-20352,50880,-20356,50880,-20348,50880,-20344,50880,-20364,50880,-20368,50880,-20360,50880,-20372,50880,-20388,50880,-20392,50880,-20384,50880,-20380,50880,-20404,50880,-20408,50880,-20400,50880,-20396,50880,-20376,50880,-20340,50880,-20334,50880,57858,50880,51180,50880,55482,50880,45480,50880,43842,50880,47864,50880,48172,50880,48652,50880,41434,41436,41616,41436,41618,41436,41646,41472,41660,41472,41662,41472,41642,41472,41648,41472,41652,41472,41654,41472,41656,41472,41470,41472,-20782,50880,41672,41472,41474,41472,-20784,50880,-20792,50880,-20778,50880,-20796,50880,41674,41472,41676,41472,-20800,50880,-20804,50880,-20808,50880,49726,50880,-14958,50880,-14960,50880,-14968,50880,-14954,50880,-14972,50880,-14976,50880,-14980,50880,-14984,50880,53618,50880,-14818,50880,-14820,50880,-14828,50880,-14814,50880,-14832,50880,-14836,50880,-14840,50880,-14844,50880,57054,50880,-22392,50880,-22394,50880,-22402,50880,-22388,50880,-22406,50880,-22410,50880,-22414,50880,-22418,50880,58410,50880,41420,41418,41962,41418,41550,41418,42674,50880,41494,41516,41522,41516,41500,41516,41518,41516,41510,41516,41496,41516,41502,41516,41498,41516,41504,41516,41506,41516,41520,41516,41526,41516,41524,41516,41514,41516,41512,41516,41782,41516,58892,-15246,41810,41516,41812,41516,41830,41516,41832,41516,41814,41516,41816,41516,41826,41516,41828,41516,41806,41516,41808,41516,41854,41516,41856,41516,41802,41516,41804,41516,41842,41516,41844,41516,41846,41516,41848,41516,41818,41516,41820,41516,41858,41516,41860,41516,41838,41516,41840,41516,41850,41516,41852,41516,41822,41516,41824,41516,-15250,-15246,-15258,-15246,-15266,-15246,-15274,-15246,-15282,-15246,-15290,-15246,-15298,-15246,-15312,-15246,-15318,-15246,-15324,-15246,-15330,-15246,-15336,-15246,-15344,-15246,-15352,-15246,41488,41490,41610,41490,41612,41490,58996,46854]]}],"project-settings":[{"id":-1,"assetBundleId":-2,"data":[[["UnityEngine.EventSystems.EventSystem",-1000],["UnityEngine.UI.ToggleGroup",10],["TMPro.TextMeshPro",-105],["TMPro.TextMeshProUGUI",-100],["TMPro.TextContainer",-110]],[[0,"Default",0]],[[0,"Default"],[1,"TransparentFX"],[2,"Ignore Raycast"],[4,"Water"],[5,"UI"]],[0.0299999993294477,0.333333343267441,1,0.0500000007450581],[0,-9.8100004196167,0,6,2,0,1,[[0,0,0],[0,0,1],[0,0,2],[0,0,4],[0,0,5],[0,1,0],[0,1,1],[0,1,2],[0,1,4],[0,1,5],[0,2,0],[0,2,1],[0,2,2],[0,2,4],[0,2,5],[0,4,0],[0,4,1],[0,4,2],[0,4,4],[0,4,5],[0,5,0],[0,5,1],[0,5,2],[0,5,4],[0,5,5]]],[null,null,0,-9.8100004196167,3,8,1,0.200000002980232,8,100,360,0.200000002980232,0.75,0.5,0.00999999977648258,2,0.00999999977648258,1,1,1,1,1,0,[[0,0,0],[0,0,1],[0,0,2],[0,0,4],[0,0,5],[0,1,0],[0,1,1],[0,1,2],[0,1,4],[0,1,5],[0,2,0],[0,2,1],[0,2,2],[0,2,4],[0,2,5],[0,4,0],[0,4,1],[0,4,2],[0,4,4],[0,4,5],[0,5,0],[0,5,1],[0,5,2],[0,5,4],[0,5,5]]],[[[[],["Very Low","Low","Medium","High","Very High","Ultra"],0,0,0,0.300000011920929,1,15,0,1,0,0,0,1,1,1,2,4,0,0,0.333333343267441,0.0666666701436043,0.200000002980232,0.466666668653488,0,0,16,2,0,3,512,0,1,2,512,1,1024,0],[[],["Very Low","Low","Medium","High","Very High","Ultra"],0,0,0,0.400000005960464,1,20,0,1,0,0,0,1,1,0,2,16,0,0,0.333333343267441,0.0666666701436043,0.200000002980232,0.466666668653488,0,0,16,2,0,3,512,0,1,2,512,1,1024,1],[[],["Very Low","Low","Medium","High","Very High","Ultra"],1,1,0,0.699999988079071,1,20,0,1,0,0,0,1,1,0,2,64,1,0,0.333333343267441,0.0666666701436043,0.200000002980232,0.466666668653488,0,1,16,2,0,3,512,0,1,2,512,1,1024,2],[[],["Very Low","Low","Medium","High","Very High","Ultra"],2,1,0,1,2,40,1,1,1,0,1,1,1,0,2,256,2,1,0.333333343267441,0.0666666701436043,0.200000002980232,0.466666668653488,0,1,16,2,1,3,512,0,1,2,512,1,1024,3],[[],["Very Low","Low","Medium","High","Very High","Ultra"],2,2,2,1.5,2,70,1,1,2,1,1,1,1,0,2,1024,3,1,0.333333343267441,0.0666666701436043,0.200000002980232,0.466666668653488,0,1,16,2,1,3,512,0,1,2,512,1,1024,4],[[],["Very Low","Low","Medium","High","Very High","Ultra"],2,2,2,2,4,150,1,1,2,1,1,1,1,0,2,4096,4,1,0.333333343267441,0.0666666701436043,0.200000002980232,0.466666668653488,0,1,16,2,1,3,512,0,1,2,512,1,1024,5]],["Very Low","Low","Medium","High","Very High","Ultra"],2,2,2,2,4,150,1,1,2,1,1,1,1,0,2,4096,4,1,0.333333343267441,0.0666666701436043,0.200000002980232,0.466666668653488,0,1,16,2,1,3,512,0,1,2,512,1,1024,5],0,0,1,2,1,["Untagged","Respawn","Finish","EditorOnly","MainCamera","Player","GameController"]]}]}