{"materials":[{"id":688,"path":"Resources/unity_builtin_extra\\Default-Skybox","assetBundleId":-2,"data":["Default-Skybox",0,152,1000,0,[["_SunDisk",1],["_SunSize",0.0399999991059303],["_SunSizeConvergence",5],["_AtmosphereThickness",1],["_Exposure",1.29999995231628]],[["_SkyTint",0.5,0.5,0.5,1],["_GroundColor",0.36899995803833,0.348999977111816,0.340999931097031,1]],[],[],[["_SUNDISK_SIMPLE",1]]]},{"id":686,"path":"Resources/unity_builtin_extra\\Default-Material","assetBundleId":-2,"data":["Default-Material",0,66,2000,0,[["_Cutoff",0.5],["_Glossiness",0.5],["_GlossMapScale",1],["_SmoothnessTextureChannel",0],["_Metallic",0],["_SpecularHighlights",1],["_GlossyReflections",1],["_BumpScale",1],["_Parallax",0.0199999995529652],["_OcclusionStrength",1],["_DetailNormalMapScale",1],["_UVSec",0],["_Mode",0],["_SrcBlend",1],["_DstBlend",0],["_ZWrite",1]],[["_Color",1,1,1,1],["_EmissionColor",0,0,0,0.999999940395355]],[["_MainTex_ST",1,1,0,0],["_MetallicGlossMap_ST",1,1,0,0],["_BumpMap_ST",1,1,0,0],["_ParallaxMap_ST",1,1,0,0],["_OcclusionMap_ST",1,1,0,0],["_EmissionMap_ST",1,1,0,0],["_DetailMask_ST",1,1,0,0],["_DetailAlbedoMap_ST",1,1,0,0],["_DetailNormalMap_ST",1,1,0,0]],[["_MainTex",null,null],["_MetallicGlossMap",null,null],["_BumpMap",null,null],["_ParallaxMap",null,null],["_OcclusionMap",null,null],["_EmissionMap",null,null],["_DetailMask",null,null],["_DetailAlbedoMap",null,null],["_DetailNormalMap",null,null]],[["_EMISSION",1]]]}],"shaders":[{"id":152,"assetBundleId":-2,"data":[[],"Skybox/Procedural",null,["_SUNDISK_HIGH_QUALITY","_SUNDISK_NONE","_SUNDISK_SIMPLE","STEREO_CUBEMAP_RENDER_ON","STEREO_INSTANCING_ON","STEREO_MULTIVIEW_ON","UNITY_SINGLE_PASS_STEREO"],[[0,0,"",0,"",0,[4,null],[0,null],[0,null],[[1,null],[0,null],[0,null]],[[1,null],[0,null],[0,null]],[15,null],[0,null],[0,null],[0,null],[255,null],[255,null],[[0,null],[0,null],[0,null],[8,null]],[[0,null],[0,null],[0,null],[8,null]],[[0,null],[0,null],[0,null],[8,null]],[["PreviewType","Skybox"],["QUEUE","Background"],["RenderType","Background"]],["STEREO_CUBEMAP_RENDER_ON","STEREO_INSTANCING_ON","STEREO_MULTIVIEW_ON","UNITY_SINGLE_PASS_STEREO","_SUNDISK_HIGH_QUALITY","_SUNDISK_NONE","_SUNDISK_SIMPLE"],[],[[0,0,["_SUNDISK_SIMPLE"],0,1,0,0],[0,0,["_SUNDISK_SIMPLE"],2,3,1,0]],[],0]],[],[["_SunDisk",2,2,0,0,0,"",0],["_SunSize",3,0.0399999991059303,0,1,0,"",0],["_SunSizeConvergence",3,5,1,10,0,"",0],["_AtmosphereThickness",3,1,0,5,0,"",0],["_SkyTint",0,0.5,0.5,0.5,1,"",0],["_GroundColor",0,0.368999987840652,0.349000006914139,0.340999990701675,1,"",0],["_Exposure",3,1.29999995231628,0,8,0,"",0]],null,null,0,0,0]},{"id":46,"assetBundleId":-2,"data":[[],"Hidden/BlitCopy",null,["STEREO_CUBEMAP_RENDER_ON","STEREO_INSTANCING_ON","STEREO_MULTIVIEW_ON","UNITY_SINGLE_PASS_STEREO"],[[0,0,"",0,"",0,[8,null],[0,null],[0,null],[[1,null],[0,null],[0,null]],[[1,null],[0,null],[0,null]],[15,null],[0,null],[0,null],[0,null],[255,null],[255,null],[[0,null],[0,null],[0,null],[8,null]],[[0,null],[0,null],[0,null],[8,null]],[[0,null],[0,null],[0,null],[8,null]],[],["STEREO_CUBEMAP_RENDER_ON","STEREO_INSTANCING_ON","STEREO_MULTIVIEW_ON","UNITY_SINGLE_PASS_STEREO"],[],[],[],0]],[],[["_MainTex",4,0,0,0,0,"",0],["_Color",0,1,1,1,1,"",0]],null,null,0,0,0]},{"id":70,"assetBundleId":-2,"data":[[],"Legacy Shaders/VertexLit",null,["FOG_EXP","FOG_EXP2","FOG_LINEAR","POINT","SPOT","SHADOWS_DEPTH","STEREO_CUBEMAP_RENDER_ON","STEREO_INSTANCING_ON","STEREO_MULTIVIEW_ON","UNITY_SINGLE_PASS_STEREO","_","__","INSTANCING_ON","SHADOWS_CUBE"],[[0,0,"",1,"",0,[4,null],[1,null],[2,null],[[1,null],[0,null],[0,null]],[[1,null],[0,null],[0,null]],[15,null],[0,null],[0,null],[0,null],[255,null],[255,null],[[0,null],[0,null],[0,null],[8,null]],[[0,null],[0,null],[0,null],[8,null]],[[0,null],[0,null],[0,null],[8,null]],[["LIGHTMODE","Vertex"],["RenderType","Opaque"]],["FOG_EXP","FOG_EXP2","FOG_LINEAR","POINT","SPOT","STEREO_CUBEMAP_RENDER_ON","STEREO_INSTANCING_ON","STEREO_MULTIVIEW_ON","UNITY_SINGLE_PASS_STEREO","_"],[],[],[],0],[1,0,"",2,"",0,[4,null],[1,null],[2,null],[[1,null],[0,null],[0,null]],[[1,null],[0,null],[0,null]],[15,null],[0,null],[0,null],[0,null],[255,null],[255,null],[[0,null],[0,null],[0,null],[8,null]],[[0,null],[0,null],[0,null],[8,null]],[[0,null],[0,null],[0,null],[8,null]],[["LIGHTMODE","VertexLM"],["RenderType","Opaque"]],["FOG_EXP","FOG_EXP2","FOG_LINEAR","STEREO_CUBEMAP_RENDER_ON","STEREO_INSTANCING_ON","STEREO_MULTIVIEW_ON","UNITY_SINGLE_PASS_STEREO","__"],[],[],[],0],[2,0,"ShadowCaster",8,"",0,[4,null],[1,null],[2,null],[[1,null],[0,null],[0,null]],[[1,null],[0,null],[0,null]],[15,null],[0,null],[0,null],[0,null],[255,null],[255,null],[[0,null],[0,null],[0,null],[8,null]],[[0,null],[0,null],[0,null],[8,null]],[[0,null],[0,null],[0,null],[8,null]],[["LIGHTMODE","SHADOWCASTER"],["RenderType","Opaque"],["SHADOWSUPPORT","true"]],["INSTANCING_ON","SHADOWS_CUBE","SHADOWS_DEPTH","STEREO_CUBEMAP_RENDER_ON","STEREO_INSTANCING_ON","STEREO_MULTIVIEW_ON","UNITY_SINGLE_PASS_STEREO","__"],[],[],[],0]],[],[["_Color",0,1,1,1,1,"",0],["_SpecColor",0,1,1,1,1,"",0],["_Emission",0,0,0,0,0,"",0],["_Shininess",3,0.699999988079071,0.00999999977648258,1,0,"",0],["_MainTex",4,0,0,0,0,"white",0]],null,null,0,0,0]},{"id":28,"assetBundleId":-2,"data":[[],"UI/Default",null,["UNITY_UI_ALPHACLIP","UNITY_UI_CLIP_RECT","STEREO_CUBEMAP_RENDER_ON","STEREO_INSTANCING_ON","STEREO_MULTIVIEW_ON","UNITY_SINGLE_PASS_STEREO","_"],[[0,0,"Default",0,"",0,[0,"unity_GUIZTestMode"],[0,null],[0,null],[[1,null],[10,null],[0,null]],[[1,null],[10,null],[0,null]],[0,"_ColorMask"],[0,null],[0,null],[0,"_Stencil"],[0,"_StencilReadMask"],[0,"_StencilWriteMask"],[[0,"_StencilOp"],[0,null],[0,null],[0,"_StencilComp"]],[[0,null],[0,null],[0,null],[8,null]],[[0,null],[0,null],[0,null],[8,null]],[["CanUseSpriteAtlas","true"],["IGNOREPROJECTOR","true"],["PreviewType","Plane"],["QUEUE","Transparent"],["RenderType","Transparent"]],["STEREO_CUBEMAP_RENDER_ON","STEREO_INSTANCING_ON","STEREO_MULTIVIEW_ON","UNITY_SINGLE_PASS_STEREO","UNITY_UI_ALPHACLIP","UNITY_UI_CLIP_RECT","_"],[],[[0,0,[],4,5,0,0],[0,0,[],6,7,1,0]],[],0]],[],[["_MainTex",4,0,0,0,0,"white",2],["_Color",0,1,1,1,1,"",0],["_StencilComp",2,8,0,0,0,"",0],["_Stencil",2,0,0,0,0,"",0],["_StencilOp",2,0,0,0,0,"",0],["_StencilWriteMask",2,255,0,0,0,"",0],["_StencilReadMask",2,255,0,0,0,"",0],["_ColorMask",2,15,0,0,0,"",0],["_UseUIAlphaClip",2,0,0,0,0,"",0]],null,null,0,0,0]},{"id":66,"assetBundleId":-2,"data":[[],"Standard",null,["DIRECTIONAL","DIRLIGHTMAP_COMBINED","FOG_EXP","FOG_EXP2","FOG_LINEAR","LIGHTMAP_ON","LIGHTPROBE_SH","SHADOWS_SCREEN","SHADOWS_SHADOWMASK","VERTEXLIGHT_ON","_ALPHABLEND_ON","_ALPHAPREMULTIPLY_ON","_ALPHATEST_ON","_EMISSION","_GLOSSYREFLECTIONS_OFF","_METALLICGLOSSMAP","_NORMALMAP","_PARALLAXMAP","_SMOOTHNESS_TEXTURE_ALBEDO_CHANNEL_A","_SPECULARHIGHLIGHTS_OFF","DIRECTIONAL_COOKIE","POINT","POINT_COOKIE","SHADOWS_DEPTH","SPOT","DYNAMICLIGHTMAP_ON","INSTANCING_ON","LIGHTMAP_SHADOW_MIXING","STEREO_CUBEMAP_RENDER_ON","STEREO_INSTANCING_ON","STEREO_MULTIVIEW_ON","UNITY_SINGLE_PASS_STEREO","_DETAIL_MULX2","__","_","SHADOWS_CUBE","SHADOWS_SOFT"],[[0,0,"FORWARD",4,"",0,[4,null],[0,"_ZWrite"],[2,null],[[0,"_SrcBlend"],[0,"_DstBlend"],[0,null]],[[0,"_SrcBlend"],[0,"_DstBlend"],[0,null]],[15,null],[0,null],[0,null],[0,null],[255,null],[255,null],[[0,null],[0,null],[0,null],[8,null]],[[0,null],[0,null],[0,null],[8,null]],[[0,null],[0,null],[0,null],[8,null]],[["LIGHTMODE","FORWARDBASE"],["PerformanceChecks","False"],["RenderType","Opaque"],["SHADOWSUPPORT","true"]],["DIRECTIONAL","DIRLIGHTMAP_COMBINED","DYNAMICLIGHTMAP_ON","FOG_EXP","FOG_EXP2","FOG_LINEAR","INSTANCING_ON","LIGHTMAP_ON","LIGHTMAP_SHADOW_MIXING","LIGHTPROBE_SH","SHADOWS_SCREEN","SHADOWS_SHADOWMASK","STEREO_CUBEMAP_RENDER_ON","STEREO_INSTANCING_ON","STEREO_MULTIVIEW_ON","UNITY_SINGLE_PASS_STEREO","VERTEXLIGHT_ON","_ALPHABLEND_ON","_ALPHAPREMULTIPLY_ON","_ALPHATEST_ON","_DETAIL_MULX2","_EMISSION","_GLOSSYREFLECTIONS_OFF","_METALLICGLOSSMAP","_NORMALMAP","_PARALLAXMAP","_SMOOTHNESS_TEXTURE_ALBEDO_CHANNEL_A","_SPECULARHIGHLIGHTS_OFF","__","_"],[],[[0,0,["DIRECTIONAL"],8,9,0,0],[0,0,["DIRECTIONAL"],10,11,1,0],[0,0,["DIRECTIONAL","LIGHTPROBE_SH"],12,13,0,0],[0,0,["DIRECTIONAL","LIGHTPROBE_SH"],14,15,1,0],[0,0,["DIRECTIONAL","LIGHTPROBE_SH","_SMOOTHNESS_TEXTURE_ALBEDO_CHANNEL_A"],12,16,0,0],[0,0,["DIRECTIONAL","LIGHTPROBE_SH","_SMOOTHNESS_TEXTURE_ALBEDO_CHANNEL_A"],14,17,1,0],[0,0,["DIRECTIONAL","LIGHTPROBE_SH","_EMISSION"],12,18,0,0],[0,0,["DIRECTIONAL","LIGHTPROBE_SH","_EMISSION"],14,19,1,0]],[],0],[1,0,"FORWARD_DELTA",5,"",0,[4,null],[0,null],[2,null],[[0,"_SrcBlend"],[1,null],[0,null]],[[0,"_SrcBlend"],[1,null],[0,null]],[15,null],[0,null],[0,null],[0,null],[255,null],[255,null],[[0,null],[0,null],[0,null],[8,null]],[[0,null],[0,null],[0,null],[8,null]],[[0,null],[0,null],[0,null],[8,null]],[["LIGHTMODE","FORWARDADD"],["PerformanceChecks","False"],["RenderType","Opaque"],["SHADOWSUPPORT","true"]],["DIRECTIONAL","DIRECTIONAL_COOKIE","FOG_EXP","FOG_EXP2","FOG_LINEAR","LIGHTMAP_SHADOW_MIXING","POINT","POINT_COOKIE","SHADOWS_CUBE","SHADOWS_DEPTH","SHADOWS_SCREEN","SHADOWS_SHADOWMASK","SHADOWS_SOFT","SPOT","STEREO_CUBEMAP_RENDER_ON","STEREO_INSTANCING_ON","STEREO_MULTIVIEW_ON","UNITY_SINGLE_PASS_STEREO","_ALPHABLEND_ON","_ALPHAPREMULTIPLY_ON","_ALPHATEST_ON","_DETAIL_MULX2","_METALLICGLOSSMAP","_NORMALMAP","_PARALLAXMAP","_SMOOTHNESS_TEXTURE_ALBEDO_CHANNEL_A","_SPECULARHIGHLIGHTS_OFF","__","_"],[],[],[],0],[2,0,"ShadowCaster",8,"",0,[4,null],[1,null],[2,null],[[1,null],[0,null],[0,null]],[[1,null],[0,null],[0,null]],[15,null],[0,null],[0,null],[0,null],[255,null],[255,null],[[0,null],[0,null],[0,null],[8,null]],[[0,null],[0,null],[0,null],[8,null]],[[0,null],[0,null],[0,null],[8,null]],[["LIGHTMODE","SHADOWCASTER"],["PerformanceChecks","False"],["RenderType","Opaque"],["SHADOWSUPPORT","true"]],["INSTANCING_ON","SHADOWS_CUBE","SHADOWS_DEPTH","STEREO_CUBEMAP_RENDER_ON","STEREO_INSTANCING_ON","STEREO_MULTIVIEW_ON","UNITY_SINGLE_PASS_STEREO","_ALPHABLEND_ON","_ALPHAPREMULTIPLY_ON","_ALPHATEST_ON","_METALLICGLOSSMAP","_PARALLAXMAP","_SMOOTHNESS_TEXTURE_ALBEDO_CHANNEL_A","__","_"],[],[],[],0]],[],[["_Color",0,1,1,1,1,"",0],["_MainTex",4,0,0,0,0,"white",0],["_Cutoff",3,0.5,0,1,0,"",0],["_Glossiness",3,0.5,0,1,0,"",0],["_GlossMapScale",3,1,0,1,0,"",0],["_SmoothnessTextureChannel",2,0,0,0,0,"",0],["_Metallic",3,0,0,1,0,"",32],["_MetallicGlossMap",4,0,0,0,0,"white",0],["_SpecularHighlights",2,1,0,0,0,"",0],["_GlossyReflections",2,1,0,0,0,"",0],["_BumpScale",2,1,0,0,0,"",0],["_BumpMap",4,0,0,0,0,"bump",8],["_Parallax",3,0.0199999995529652,0.00499999988824129,0.0799999982118607,0,"",0],["_ParallaxMap",4,0,0,0,0,"black",0],["_OcclusionStrength",3,1,0,1,0,"",0],["_OcclusionMap",4,0,0,0,0,"white",0],["_EmissionColor",0,0,0,0,1,"",0],["_EmissionMap",4,0,0,0,0,"white",0],["_DetailMask",4,0,0,0,0,"white",0],["_DetailAlbedoMap",4,0,0,0,0,"grey",0],["_DetailNormalMapScale",2,1,0,0,0,"",0],["_DetailNormalMap",4,0,0,0,0,"bump",8],["_UVSec",2,0,0,0,0,"",0],["_Mode",2,0,0,0,0,"",1],["_SrcBlend",2,1,0,0,0,"",1],["_DstBlend",2,0,0,0,0,"",1],["_ZWrite",2,1,0,0,0,"",1]],0,70,0,0,0]}],"cubemaps":[{"id":42900,"type":2,"path":"Assets/Scenes/SampleScene.unity/PrefilteredEnvironment.exr","assetBundleId":-2,"data":["",-161314,8,1,128,0,2,[0,0,0.25,0.5,0,0.5,0.25,1,0.25,0,0.5,0.5,0.25,0.5,0.5,1,0.5,0,0.75,0.5,0.75,0,1,0.5,0.5,0.5,0.625,0.75,0.5,0.75,0.625,1,0.625,0.5,0.75,0.75,0.625,0.75,0.75,1,0.75,0.5,0.875,0.75,0.875,0.5,1,0.75,0.75,0.75,0.8125,0.875,0.75,0.875,0.8125,1,0.8125,0.75,0.875,0.875,0.8125,0.875,0.875,1,0.875,0.75,0.9375,0.875,0.9375,0.75,1,0.875,0.875,0.875,0.90625,0.9375,0.875,0.9375,0.90625,1,0.90625,0.875,0.9375,0.9375,0.90625,0.9375,0.9375,1,0.9375,0.875,0.96875,0.9375,0.96875,0.875,1,0.9375,0.9375,0.9375,0.953125,0.96875,0.9375,0.96875,0.953125,1,0.953125,0.9375,0.96875,0.96875,0.953125,0.96875,0.96875,1,0.96875,0.9375,0.984375,0.96875,0.984375,0.9375,1,0.96875,0.96875,0.96875,0.9765625,0.984375,0.96875,0.984375,0.9765625,1,0.9765625,0.96875,0.984375,0.984375,0.9765625,0.984375,0.984375,1,0.984375,0.96875,0.9921875,0.984375,0.9921875,0.96875,1,0.984375,0.984375,0.984375,0.98828125,0.9921875,0.984375,0.9921875,0.98828125,1,0.98828125,0.984375,0.9921875,0.9921875,0.98828125,0.9921875,0.9921875,1,0.9921875,0.984375,0.99609375,0.9921875,0.99609375,0.984375,1,0.9921875,0.9921875,0.9921875,0.994140625,0.99609375,0.9921875,0.99609375,0.994140625,1,0.994140625,0.9921875,0.99609375,0.99609375,0.994140625,0.99609375,0.99609375,1,0.99609375,0.9921875,0.998046875,0.99609375,0.998046875,0.9921875,1,0.99609375],1,1]}],"resources":[{"id":0,"assetBundleId":-2,"data":[[["ui/warningsign_red",1,41956],["ui/warningsign_red",21,41916],["texrures/log-raw-and-pleed",4,41782],["unity_builtin_extra",0,66],["texrures/log-03-raw",1,42736],["texrures/log.001",6,23682],["fbx/derevo/derevo",4,41970],["fbx/derevo/tree-env_tex",1,42464],["fbx/derevo/дерево тёмное зеленое",6,23596],["fbx/forklift/forklift",33,41794],["fbx/forklift/forklift",4,42074],["fbx/forklift/tex/forklift_tex",1,42722],["fbx/forklift/forklift",6,23704],["fbx/forklift/forklift",4,42060],["fbx/forklift/forklift",4,42070],["fbx/forklift/forklift",4,42068],["fbx/forklift/forklift",4,42076],["fbx/forklift/forklift",4,42064],["fbx/forklift/forklift",4,42066],["fbx/forklift/forklift",4,42062],["fbx/forklift/forklift",4,42072],["fbx/forklift/forklift",4,42004],["texrures/log-raw-and-pleed",33,41786],["fbx/truck/truck",33,41828],["fbx/truck/truck",4,42216],["fbx/truck/tex/truck_tex",1,42564],["fbx/truck/truck_2",6,23616],["fbx/truck/truck",4,42206],["fbx/truck/truck",4,42204],["fbx/truck/truck",4,42210],["fbx/truck/truck",4,42208],["fbx/truck/truck",4,42214],["fbx/truck/truck",4,42212],["ui/bubble",1,41938],["ui/bubble",21,41834],["ui/big_log",1,41954],["ui/big_log",21,41854],["fbx/domik_2",33,41818],["fbx/domik_2",4,42346],["fbx/domik_2",6,42332],["fbx/domik_2",6,42334],["fbx/domik_2",6,41926],["fbx/domik_2",6,42336],["fbx/domik_2",6,42338],["fbx/domik_2",6,42340],["fbx/domik_2",6,42342],["fbx/domik_2",6,42344],["male-chopper/male-chopper",33,41806],["male-chopper/male-chopper",1,42494],["male-chopper/chopper",6,23610],["male-chopper/male-chopper",4,42374],["fbx/domik_3",33,41812],["fbx/domik_3",4,42106],["fbx/domik_3",6,42086],["fbx/domik_3",6,42088],["fbx/domik_3",6,42090],["fbx/domik_3",6,42092],["fbx/domik_3",6,42094],["fbx/domik_3",6,42096],["fbx/domik_3",6,42098],["fbx/domik_3",6,42100],["fbx/domik_3",6,42102],["fbx/domik_3",6,42104],["fbx/domik_3",6,41928],["fbx/knopka",33,41844],["fbx/knopka",4,42146],["fbx/plashka_black",6,23578],["fbx/knopka",4,42144],["fbx/white",6,23594],["fonts & materials/liberationsans sdf",1,23696],["fonts & materials/liberationsans sdf",6,23694],["fonts & materials/liberationsans sdf - fallback",1,23608],["fonts & materials/liberationsans sdf - fallback",6,23606],["fonts & materials/liberationsans sdf - fallback",45,23604],["fonts & materials/liberationsans sdf",45,23692],["fonts & materials/liberationsans sdf - drop shadow",6,23576],["ui/hand",1,41950],["ui/hand",21,41840],["models/asset_lumber_41",33,41790],["models/asset_lumber_41",4,42080],["models/material/3drying_room_tex",1,42466],["models/material/2atlas_build",1,42718],["models/material/material #840 - copy - copy",6,23602],["models/material/2drying_room_tex",1,42460],["models/material/material #798 - copy - copy",6,23686],["ui/1 (7)",1,41960],["ui/1 (7)",21,41930],["ui/character_1000_compressed",1,41952],["ui/character_1000_compressed",21,41852],["ui/packshot_cta",1,41958],["ui/packshot_cta",21,41920],["ui/packshot_logo",1,41934],["ui/packshot_logo",21,41822],["ui/packshot_background_2",1,41936],["ui/packshot_background_2",21,41832],["ui/money",1,42666],["fbx/location/location_1",33,41888],["fbx/location/location_1",4,42320],["fbx/location_1.fbm/колонна 001_diffuse",1,42480],["fbx/location/колонна 001",6,23600],["unity_builtin_extra",6,686],["fbx/location/location_1",4,42302],["fbx/location/location_1",4,42308],["fbx/location/location_1",4,42306],["fbx/location/location_1",4,42298],["fbx/location/location_1",4,42304],["fbx/location/location_1",4,42318],["fbx/location/plashka",6,23638],["fbx/location/location_1",4,42314],["fbx/location/material 022",6,23670],["fbx/location/location_1",4,42310],["fbx/location/location_1",4,42322],["fbx/location/location_1",4,42324],["fbx/location/location_1",4,42312],["fbx/location/location_1",4,42300],["fbx/location/location_1",4,42316],["fbx/location/green_floor",6,23678],["fbx/location/location_1",4,42326],["fbx/conveyor/conveyor",33,41862],["fbx/conveyor/conveyor",4,42352],["fbx/conveyor/tex/conveyor",1,42484],["fbx/conveyor/tex/2",6,23644],["unity_builtin_extra",0,152],["unity_builtin_extra",6,688],["unity_builtin_extra",0,28],["dotweensettings",59,23664],["sprite assets/emojione",6,42738],["sprite assets/emojione",61,23592],["style sheets/default style sheet",62,23702],["linebreaking leading characters",63,42456],["linebreaking following characters",63,42458],["tmp settings",60,23658]],[41776,41778,41966,41778,41968,41778,476046,478216,478812,478216,469254,478216,482438,478216,473814,478216,486798,478216,486962,478216,479566,478216,473254,478216,485474,478216,485712,478216,471898,478216,473066,478216,486006,478216,481996,478216,482466,478216,469396,478216,477360,478216,483454,478216,484636,478216,485974,478216,482034,478216,480168,478216,475296,478216,471422,478216,475678,478216,482694,478216,473138,478216,474484,478216,475784,478216,478758,478216,477974,478216,483148,478216,480790,478216,480948,478216,483780,478216,482982,478216,481620,478216,480838,478216,470892,478216,472636,478216,481662,478216,474210,478216,477212,478216,480020,478216,470096,478216,485050,478216,478118,478216,482836,478216,483086,478216,477504,478216,469930,478216,477144,478216,473978,478216,482702,478216,484462,478216,477022,478216,475360,478216,481972,478216,478028,478216,483706,478216,473720,478216,477744,478216,470272,478216,475464,478216,481588,478216,471742,478216,476844,478216,471320,478216,485744,478216,475632,478216,480228,478216,475546,478216,481794,478216,475926,478216,477952,478216,485282,478216,483138,478216,479724,478216,476582,478216,486730,478216,480434,478216,475720,478216,473008,478216,477414,478216,474700,478216,477232,478216,480990,478216,476560,478216,472518,478216,471470,478216,477364,478216,486752,478216,473528,478216,477922,478216,483080,478216,484042,478216,480702,478216,477178,478216,485262,478216,481624,478216,479872,478216,473906,478216,482880,478216,481748,478216,485642,478216,476386,478216,475254,478216,476382,478216,482634,478216,478972,478216,473242,478216,474192,478216,482122,478216,486090,478216,481254,478216,475270,478216,472696,478216,472994,478216,469204,478216,474626,478216,475206,478216,483362,478216,485492,478216,477822,478216,484702,478216,482380,478216,482176,478216,481842,478216,476324,478216,469788,478216,478266,478216,484028,478216,473704,478216,483592,478216,484086,478216,473298,478216,468974,478216,473630,478216,471052,478216,480324,478216,473548,478216,473250,478216,484078,478216,482966,478216,475628,478216,469902,478216,478678,478216,471554,478216,483282,478216,479420,478216,480602,478216,486816,478216,472084,478216,478254,478216,484952,478216,474012,478216,473142,478216,477238,478216,478230,478216,479190,478216,471772,478216,477794,478216,482946,478216,486794,478216,473494,478216,470534,478216,474718,478216,470212,478216,469248,478216,471588,478216,469330,478216,469984,478216,477978,478216,480620,478216,477076,478216,470414,478216,477376,478216,478196,478216,475446,478216,480444,478216,476012,478216,485746,478216,475426,478216,483312,478216,474602,478216,483686,478216,483014,478216,469114,478216,475684,478216,474342,478216,476824,478216,485762,478216,473610,478216,484984,478216,485258,478216,469432,478216,478298,478216,484146,478216,472226,478216,486130,478216,476100,478216,486282,478216,486950,478216,486912,478216,477572,478216,481960,478216,477116,478216,475104,478216,478794,478216,476226,478216,476588,478216,472670,478216,474410,478216,486642,478216,479778,478216,473426,478216,482198,478216,480136,478216,478352,478216,478348,478216,481404,478216,477508,478216,476932,478216,471238,478216,486598,478216,481106,478216,484358,478216,475132,478216,471738,478216,471230,478216,473960,478216,483018,478216,486298,478216,476412,478216,482974,478216,481752,478216,483880,478216,480050,478216,480430,478216,476796,478216,475974,478216,484918,478216,479748,478216,482638,478216,478864,478216,469086,478216,479182,478216,475680,478216,473296,478216,469436,478216,485778,478216,474356,478216,470066,478216,469522,478216,469898,478216,486870,478216,480116,478216,470494,478216,474224,478216,471812,478216,483212,478216,469050,478216,470180,478216,481726,478216,483758,478216,477034,478216,480778,478216,485076,478216,480896,478216,476574,478216,477464,478216,476902,478216,479976,478216,479186,478216,476132,478216,481592,478216,484878,478216,486300,478216,486362,478216,470734,478216,474596,478216,474158,478216,474892,478216,475342,478216,485944,478216,478026,478216,470296,478216,486380,478216,479248,478216,479448,478216,486664,478216,475362,478216,481932,478216,485914,478216,479560,478216,480770,478216,475738,478216,469656,478216,481504,478216,470354,478216,485060,478216,486292,478216,480812,478216,475970,478216,473326,478216,479260,478216,480654,478216,481980,478216,475752,478216,479766,478216,472540,478216,482164,478216,472850,478216,482396,478216,479374,478216,475062,478216,480844,478216,482314,478216,475688,478216,469514,478216,479894,478216,476918,478216,479684,478216,486248,478216,481580,478216,472290,478216,472056,478216,483416,478216,481534,478216,486714,478216,475724,478216,480298,478216,472514,478216,483750,478216,470418,478216,472902,478216,471612,478216,474560,478216,474454,478216,477994,478216,484384,478216,484010,478216,474652,478216,481964,478216,473736,478216,469998,478216,487034,478216,478214,478216,486446,478216,471706,478216,482020,478216,482310,478216,481314,478216,480554,478216,482642,478216,485702,478216,470324,478216,472428,478216,474888,478216,482040,478216,469392,478216,481532,478216,482318,478216,478860,478216,477264,478216,477970,478216,474488,478216,476558,478216,475728,478216,470078,478216,472510,478216,485264,478216,477344,478216,483474,478216,473128,478216,482470,478216,482214,478216,470152,478216,475498,478216,473110,478216,483936,478216,480660,478216,477140,478216,483670,478216,480452,478216,478126,478216,479046,478216,483568,478216,478334,478216,469876,478216,473374,478216,474806,478216,479202,478216,480470,478216,474598,478216,485792,478216,471148,478216,476068,478216,469302,478216,476698,478216,471512,478216,470872,478216,485496,478216,471746,478216,483218,478216,486786,478216,468994,478216,474378,478216,485964,478216,480774,478216,470006,478216,476584,478216,472924,478216,486108,478216,471006,478216,484360,478216,475994,478216,486940,478216,482818,478216,475188,478216,469224,478216,480574,478216,471776,478216,471902,478216,470590,478216,478652,478216,483356,478216,480086,478216,471930,478216,484402,478216,476998,478216,479558,478216,475352,478216,483264,478216,470284,478216,478712,478216,473508,478216,475640,478216,485628,478216,473996,478216,485036,478216,481712,478216,469404,478216,483074,478216,483710,478216,475516,478216,478924,478216,474964,478216,475614,478216,471014,478216,469384,478216,472144,478216,470828,478216,472842,478216,477586,478216,476848,478216,482128,478216,484634,478216,480248,478216,472938,478216,478386,478216,483884,478216,481508,478216,469750,478216,484690,478216,470548,478216,471484,478216,485206,478216,469252,478216,476242,478216,473022,478216,476620,478216,474754,478216,478280,478216,468992,478216,471010,478216,475946,478216,472882,478216,484436,478216,478764,478216,475266,478216,475736,478216,486634,478216,475128,478216,486890,478216,484074,478216,485636,478216,483336,478216,486394,478216,479306,478216,478878,478216,470242,478216,485170,478216,475548,478216,478674,478216,483304,478216,481418,478216,479142,478216,486028,478216,485920,478216,482168,478216,486556,478216,476764,478216,470062,478216,470306,478216,485924,478216,480278,478216,469778,478216,472796,478216,473696,478216,477962,478216,475082,478216,477852,478216,470260,478216,468998,478216,484528,478216,473880,478216,478716,478216,470688,478216,470140,478216,476294,478216,478178,478216,486210,478216,482126,478216,475450,478216,472622,478216,475916,478216,477956,478216,486010,478216,475250,478216,479080,478216,472802,478216,470942,478216,478262,478216,485928,478216,469920,478216,470490,478216,472906,478216,480658,478216,483308,478216,475832,478216,474434,478216,469890,478216,480808,478216,481212,478216,482306,478216,483412,478216,486442,478216,474802,478216,473668,478216,477520,478216,486536,478216,486316,478216,482430,478216,476520,478216,475298,478216,477368,478216,481216,478216,480700,478216,477096,478216,470854,478216,482776,478216,483590,478216,477002,478216,478856,478216,471466,478216,483078,478216,484348,478216,486036,478216,469220,478216,478656,478216,483564,478216,483162,478216,485012,478216,470276,478216,472844,478216,472838,478216,483620,478216,477052,478216,484678,478216,477084,478216,481544,478216,480232,478216,486876,478216,482356,478216,469026,478216,473846,478216,486916,478216,472238,478216,469390,478216,484728,478216,479476,478216,480400,478216,473132,478216,472018,478216,486946,478216,472448,478216,477788,478216,485580,478216,475520,478216,474476,478216,473488,478216,478422,478216,481512,478216,473470,478216,472154,478216,486954,478216,484746,478216,474582,478216,469492,478216,475328,478216,482646,478216,483692,478216,477882,478216,474986,478216,486668,478216,485120,478216,480848,478216,486514,478216,474256,478216,475184,478216,469040,478216,475790,478216,481516,478216,482000,478216,483366,478216,470726,478216,471074,478216,474264,478216,477526,478216,483246,478216,486180,478216,483038,478216,478532,478216,480796,478216,470368,478216,479320,478216,481166,478216,482238,478216,475042,478216,472724,478216,484584,478216,482182,478216,485658,478216,481880,478216,475990,478216,472846,478216,477516,478216,483286,478216,484708,478216,486280,478216,475552,478216,471960,478216,481538,478216,473534,478216,469168,478216,481440,478216,471272,478216,482596,478216,475020,478216,474364,478216,484910,478216,476268,478216,486392,478216,479468,478216,473070,478216,470738,478216,475038,478216,485706,478216,484142,478216,486174,478216,481112,478216,475234,478216,480478,478216,475644,478216,479972,478216,478926,478216,476400,478216,483106,478216,484114,478216,481456,478216,485666,478216,477692,478216,482726,478216,485016,478216,476436,478216,484200,478216,484960,478216,482476,478216,475146,478216,477018,478216,478808,478216,479888,478216,472820,478216,482552,478216,469090,478216,473404,478216,486670,478216,478000,478216,482434,478216,480164,478216,469408,478216,482322,478216,473876,478216,477372,478216,480704,478216,482990,478216,484766,478216,477550,478216,469044,478216,480668,478216,476224,478216,479028,478216,473936,478216,480794,478216,480210,478216,483776,478216,484716,478216,473258,478216,486528,478216,476050,478216,473400,478216,473450,478216,480892,478216,480240,478216,482978,478216,476124,478216,470702,478216,478138,478216,481756,478216,482416,478216,482764,478216,470568,478216,478528,478216,478122,478216,483962,478216,473106,478216,481366,478216,476994,478216,484310,478216,480132,478216,485766,478216,481976,478216,481928,478216,481498,478216,478258,478216,478466,478216,474416,478216,469698,478216,473756,478216,475408,478216,477950,478216,485336,478216,484314,478216,482224,478216,479982,478216,483546,478216,469358,478216,483184,478216,480302,478216,481520,478216,472720,478216,475066,478216,484800,478216,479832,478216,486082,478216,485430,478216,469002,478216,484830,478216,471970,478216,470640,478216,480112,478216,484094,478216,486866,478216,473352,478216,470552,478216,477590,478216,476606,478216,480936,478216,485878,478216,485310,478216,470606,478216,483352,478216,480296,478216,482216,478216,486638,478216,471616,478216,472908,478216,473264,478216,470586,478216,472962,478216,479912,478216,475542,478216,479006,478216,479782,478216,476760,478216,469720,478216,480130,478216,482884,478216,481522,478216,478852,478216,482658,478216,476854,478216,477878,478216,471768,478216,479196,478216,472610,478216,474480,478216,470758,478216,480500,478216,480782,478216,472506,478216,469488,478216,470136,478216,479804,478216,478920,478216,474384,478216,478330,478216,471234,478216,484024,478216,479774,478216,470730,478216,480688,478216,480292,478216,481790,478216,480206,478216,485334,478216,469496,478216,479800,478216,486532,478216,482172,478216,471764,478216,478608,478216,483518,478216,472736,478216,473360,478216,486014,478216,486478,478216,478596,478216,481540,478216,480090,478216,482772,478216,472276,478216,482862,478216,481452,478216,475902,478216,486742,478216,479908,478216,481576,478216,485112,478216,472864,478216,483344,478216,483654,478216,477348,478216,484650,478216,483432,478216,471526,478216,486560,478216,473356,478216,480328,478216,480956,478216,470410,478216,476602,478216,485606,478216,486844,478216,477776,478216,471398,478216,470170,478216,486862,478216,474696,478216,484322,478216,471734,478216,471152,478216,469412,478216,474132,478216,484478,478216,483764,478216,479818,478216,486758,478216,480800,478216,478816,478216,469558,478216,470298,478216,482814,478216,470198,478216,475716,478216,478408,478216,475226,478216,472502,478216,484192,478216,469170,478216,481676,478216,474578,478216,469460,478216,474074,478216,470684,478216,469116,478216,472360,478216,469964,478216,474856,478216,480394,478216,481004,478216,486722,478216,471850,478216,483110,478216,478470,478216,479360,478216,483876,478216,482048,478216,486320,478216,473246,478216,481182,478216,475180,478216,480510,478216,475942,478216,474340,478216,485930,478216,484988,478216,476496,478216,483786,478216,479986,478216,476700,478216,471454,478216,474850,478216,485582,478216,484724,478216,481286,478216,480830,478216,473124,478216,486104,478216,473974,478216,476578,478216,482016,478216,484090,478216,479722,478216,482044,478216,475404,478216,476272,478216,479032,478216,478312,478216,477090,478216,485662,478216,484720,478216,478292,478216,473798,478216,477612,478216,476594,478216,474472,478216,484006,478216,474078,478216,481742,478216,470992,478216,483478,478216,481916,478216,486194,478216,482102,478216,469562,478216,473874,478216,476158,478216,481000,478216,486078,478216,479752,478216,484796,478216,484866,478216,473644,478216,474816,478216,482134,478216,479254,478216,474260,478216,475496,478216,481272,478216,479276,478216,477700,478216,471606,478216,484892,478216,479052,478216,473466,478216,480900,478216,476672,478216,470716,478216,469584,478216,470166,478216,471522,478216,471016,478216,479506,478216,469844,478216,477026,478216,485226,478216,486050,478216,484448,478216,484510,478216,478754,478216,480618,478216,485484,478216,485896,478216,484914,478216,478238,478216,475918,478216,470106,478216,469848,478216,484956,478216,482404,478216,481090,478216,471808,478216,469338,478216,483784,478216,484906,478216,483216,478216,477306,478216,477664,478216,478500,478216,480264,478216,471116,478216,482822,478216,475230,478216,476626,478216,478600,478216,483360,478216,482670,478216,478536,478216,476458,478216,469474,478216,486214,478216,485610,478216,485900,478216,470342,478216,479026,478216,481250,478216,477268,478216,474784,478216,484662,478216,470174,478216,480242,478216,485108,478216,477626,478216,478540,478216,473446,478216,472890,478216,472384,478216,481142,478216,482424,478216,482592,478216,470958,478216,480466,478216,475162,478216,471156,478216,483166,478216,469578,478216,483768,478216,481138,478216,481882,478216,478670,478216,486024,478216,476210,478216,476042,478216,484874,478216,477772,478216,469580,478216,470074,478216,481168,478216,478316,478216,477148,478216,484616,478216,482928,478216,474136,478216,477924,478216,485268,478216,479022,478216,473014,478216,482114,478216,482180,478216,477302,478216,482220,478216,472806,478216,480504,478216,472580,478216,486734,478216,477836,478216,481968,478216,470038,478216,479332,478216,480378,478216,472654,478216,473026,478216,469702,478216,469156,478216,479786,478216,472256,478216,484752,478216,486920,478216,472750,478216,477808,478216,481274,478216,485576,478216,479270,478216,485916,478216,472424,478216,483082,478216,486698,478216,486746,478216,482888,478216,470148,478216,480514,478216,477112,478216,484002,478216,477784,478216,474188,478216,481036,478216,482100,478216,470658,478216,485234,478216,482704,478216,475610,478216,479718,478216,472150,478216,469096,478216,479734,478216,484546,478216,475492,478216,469400,478216,478018,478216,479078,478216,480786,478216,484264,478216,469258,478216,475524,478216,476756,478216,480682,478216,482970,478216,480474,478216,469164,478216,485472,478216,481526,478216,477966,478216,479472,478216,482072,478216,484772,478216,475294,478216,476898,478216,475478,478216,473270,478216,481478,478216,485618,478216,472730,478216,469334,478216,475160,478216,484862,478216,474070,478216,486602,478216,484306,478216,479148,478216,483850,478216,470486,478216,469880,478216,471628,478216,478004,478216,479010,478216,486084,478216,472992,478216,473018,478216,469886,478216,484712,478216,481470,478216,476194,478216,479610,478216,481282,478216,482588,478216,479704,478216,476120,478216,474564,478216,486322,478216,483650,478216,474812,478216,477780,478216,484872,478216,482050,478216,483998,478216,474638,478216,476322,478216,481092,478216,473516,478216,471610,478216,484098,478216,484444,478216,481728,478216,477704,478216,486312,478216,475214,478216,474216,478216,486726,478216,469428,478216,480968,478216,482878,478216,481912,478216,475058,478216,482400,478216,474360,478216,471338,478216,477730,478216,484996,478216,483674,478216,483450,478216,477530,478216,472192,478216,483300,478216,485614,478216,486112,478216,481584,478216,484218,478216,474622,478216,481290,478216,477408,478216,468988,478216,483010,478216,480550,478216,477422,478216,473842,478216,471094,478216,480684,478216,481394,478216,474956,478216,481900,478216,486384,478216,483036,478216,483626,478216,478134,478216,473794,478216,484896,478216,475940,478216,480964,478216,472716,478216,478288,478216,486610,478216,476668,478216,478896,478216,470070,478216,480570,478216,479452,478216,485998,478216,477982,478216,470852,478216,481172,478216,483624,478216,472550,478216,480952,478216,484480,478216,469550,478216,481436,478216,478226,478216,470376,478216,478582,478216,469190,478216,475236,478216,482302,478216,480972,478216,469160,478216,472606,478216,482508,478216,470662,478216,484476,478216,482538,478216,479890,478216,471674,478216,471570,478216,471490,478216,478788,478216,470844,478216,486762,478216,484214,478216,474026,478216,474252,478216,480766,478216,480562,478216,472712,478216,475056,478216,474278,478216,484066,478216,477936,478216,480960,478216,482924,478216,474220,478216,485856,478216,470722,478216,479104,478216,482698,478216,476440,478216,471702,478216,474436,478216,471142,478216,470602,478216,471088,478216,475788,478216,481500,478216,476190,478216,473640,478216,473044,478216,484992,478216,469046,478216,474302,478216,480160,478216,484236,478216,479264,478216,484118,478216,471138,478216,477100,478216,478494,478216,475202,478216,472640,478216,481708,478216,483008,478216,475898,478216,472230,478216,483250,478216,470302,478216,471504,478216,469264,478216,482922,478216,472196,478216,481898,478216,470224,478216,478200,478216,484302,478216,480930,478216,474982,478216,469842,478216,476696,478216,481034,478216,473770,478216,483144,478216,472346,478216,480558,478216,469784,478216,471926,478216,471804,478216,474196,478216,473074,478216,477216,478216,486288,478216,473292,478216,469316,478216,482118,478216,469186,478216,474386,478216,473484,478216,474414,478216,475636,478216,470572,478216,484850,478216,483644,478216,484082,478216,474960,478216,470676,478216,479108,478216,470374,478216,482422,478216,474788,478216,482582,478216,476492,478216,478564,478216,472260,478216,482036,478216,479850,478216,481808,478216,477418,478216,472582,478216,480816,478216,476128,478216,471508,478216,469862,478216,470680,478216,473748,478216,470328,478216,485796,478216,479240,478216,484238,478216,480438,478216,477856,478216,482428,478216,480108,478216,478692,478216,484684,478216,483816,478216,486388,478216,477790,478216,483340,478216,470034,478216,475356,478216,474670,478216,484602,478216,483724,478216,472966,478216,475648,478216,483550,478216,471518,478216,476378,478216,484768,478216,475596,478216,477886,478216,469734,478216,475210,478216,481278,478216,484318,478216,477460,478216,480646,478216,477298,478216,475870,478216,478130,478216,470002,478216,478020,478216,478622,478216,474154,478216,474440,478216,485480,478216,482960,478216,471112,478216,472898,478216,470326,478216,473218,478216,475662,478216,477468,478216,484814,478216,473646,478216,483268,478216,478162,478216,482892,478216,473752,478216,474948,478216,484244,478216,472544,478216,485688,478216,483834,478216,486508,478216,469554,478216,486656,478216,471214,478216,481076,478216,487030,478216,483032,478216,484196,478216,478222,478216,485348,478216,473204,478216,482368,478216,469894,478216,476454,478216,473744,478216,484704,478216,485488,478216,486476,478216,484354,478216,483458,478216,475528,478216,486738,478216,486908,478216,473102,478216,477890,478216,475116,478216,484844,478216,477164,478216,473700,478216,470820,478216,476800,478216,478556,478216,485572,478216,471540,478216,483170,478216,481178,478216,472566,478216,478096,478216,472824,478216,481398,478216,477086,478216,470122,478216,469518,478216,483872,478216,473480,478216,484846,478216,477080,478216,485560,478216,483984,478216,470280,478216,484298,478216,474608,478216,479854,478216,469288,478216,477926,478216,481572,478216,483472,478216,469546,478216,479510,478216,486032,478216,482986,478216,477512,478216,470848,478216,484346,478216,471964,478216,477894,478216,472234,478216,482916,478216,476704,478216,469450,478216,486702,478216,477412,478216,479324,478216,485202,478216,473190,478216,473650,478216,480016,478216,483532,478216,480666,478216,475874,478216,482186,478216,485970,478216,483198,478216,482490,478216,480650,478216,481328,478216,485372,478216,481856,478216,474978,478216,480804,478216,485620,478216,482994,478216,479564,478216,469386,478216,476718,478216,486958,478216,470144,478216,471324,478216,478946,478216,469642,478216,476354,478216,478234,478216,483882,478216,469208,478216,477380,478216,471698,478216,484514,478216,486820,478216,474094,478216,473722,478216,476778,478216,484542,478216,478708,478216,473636,478216,473286,478216,484070,478216,480566,478216,483938,478216,486790,478216,481862,478216,484242,478216,479728,478216,480834,478216,478380,478216,475394,478216,475142,478216,482068,478216,477696,478216,483772,478216,472044,478216,478626,478216,472894,478216,480606,478216,480546,478216,471268,478216,477446,478216,41796,41794,41986,41794,41988,41794,41990,41794,41992,41794,41994,41794,41996,41794,41998,41794,42000,41794,42002,41794,469144,477470,42028,41794,42030,41794,42032,41794,42034,41794,42056,41794,42058,41794,42036,41794,42038,41794,42040,41794,42042,41794,42052,41794,42054,41794,42044,41794,42046,41794,42048,41794,42050,41794,42024,41794,42026,41794,41784,41786,41980,41786,41978,41786,41798,41800,41974,41800,41976,41800,-159148,477470,-159156,477470,-159164,477470,-159172,477470,-159180,477470,-159188,477470,-159196,477470,-159204,477470,-159212,477470,473370,477470,485230,477470,484440,477470,480738,477470,486242,477470,478630,477470,479614,477470,474430,477470,475100,477470,470644,477470,476524,477470,486606,477470,482194,477470,486492,477470,469628,477470,481030,477470,472332,477470,484732,477470,484580,477470,478104,477470,485116,477470,482570,477470,41982,41794,41984,41794,41826,41828,42148,41828,42150,41828,42152,41828,42154,41828,42156,41828,42158,41828,42160,41828,472294,473362,42176,41828,42178,41828,42188,41828,42190,41828,42200,41828,42202,41828,42180,41828,42182,41828,42192,41828,42194,41828,42196,41828,42198,41828,42184,41828,42186,41828,41802,41800,-153258,473362,-153266,473362,-153274,473362,-153282,473362,-153290,473362,-153298,473362,-153306,473362,480140,473362,475922,473362,486326,473362,477014,473362,475892,473362,479846,473362,478882,473362,484694,473362,483134,473362,470816,473362,473740,473362,476408,473362,485648,473362,475732,473362,483388,473362,486552,473362,484150,473362,482768,473362,478284,473362,484698,473362,480064,473362,479688,473362,-151704,473362,-151712,473362,-151720,473362,-151728,473362,-151736,473362,-151744,473362,-151752,473362,484658,473362,485080,473362,483738,473362,478820,473362,483754,473362,479642,473362,480542,473362,484232,473362,479992,473362,477594,473362,485874,473362,483640,473362,479244,473362,470824,473362,477860,473362,478604,473362,474714,473362,473634,473362,477404,473362,478100,473362,480214,473362,475836,473362,483508,473362,-151494,473362,-151502,473362,-151510,473362,-151518,473362,-151526,473362,-151534,473362,-151542,473362,475442,473362,479666,473362,475398,473362,482522,473362,482242,473362,481680,473362,480082,473362,469692,473362,474932,473362,480068,473362,482076,473362,472532,473362,474722,473362,478514,473362,485314,473362,469342,473362,486148,473362,480994,473362,475288,473362,479770,473362,485220,473362,486934,473362,473422,473362,478032,477470,41816,41818,42328,41818,42330,41818,41808,41806,42394,41806,42396,41806,42368,41806,42362,41806,42398,41806,42400,41806,42370,41806,42372,41806,42382,41806,42384,41806,42380,41806,42378,41806,42390,41806,42392,41806,42388,41806,42386,41806,42376,41806,42356,41806,42354,41806,487010,477470,42364,41806,-158760,477470,-158764,477470,-158756,477470,-158752,477470,-158772,477470,-158776,477470,-158768,477470,-158780,477470,-158796,477470,-158800,477470,-158792,477470,-158788,477470,-158812,477470,-158816,477470,-158808,477470,-158804,477470,-158784,477470,-158748,477470,-158742,477470,476404,477470,474214,477470,485654,477470,482942,477470,471108,477470,471956,477470,481474,477470,479732,477470,471934,477470,469660,477470,-155770,477470,-155774,477470,-155766,477470,-155762,477470,-155782,477470,-155786,477470,-155778,477470,-155790,477470,-155806,477470,-155810,477470,-155802,477470,-155798,477470,-155822,477470,-155826,477470,-155818,477470,-155814,477470,-155794,477470,-155758,477470,-155752,477470,484654,477470,475348,477470,479480,477470,485174,477470,480448,477470,473418,477470,485000,477470,486718,477470,41810,41812,42082,41812,42084,41812,42112,41844,42126,41844,42128,41844,42108,41844,42114,41844,42118,41844,42120,41844,42122,41844,41842,41844,-152264,477470,42138,41844,41846,41844,-152266,477470,-152274,477470,-152260,477470,-152278,477470,42140,41844,42142,41844,-152282,477470,-152286,477470,-152290,477470,476308,477470,-158114,477470,-158116,477470,-158124,477470,-158110,477470,-158128,477470,-158132,477470,-158136,477470,-158140,477470,480250,477470,-153092,477470,-153094,477470,-153102,477470,-153088,477470,-153106,477470,-153110,477470,-153114,477470,-153118,477470,483788,477470,-158966,477470,-158968,477470,-158976,477470,-158962,477470,-158980,477470,-158984,477470,-158988,477470,-158992,477470,485144,477470,41792,41790,42078,41790,41922,41790,469110,477470,41866,41888,41894,41888,41872,41888,41890,41888,41882,41888,41868,41888,41874,41888,41870,41888,41876,41888,41878,41888,41892,41888,41898,41888,41896,41888,41886,41888,41884,41888,42218,41888,485644,-156086,42246,41888,42248,41888,42266,41888,42268,41888,42250,41888,42252,41888,42262,41888,42264,41888,42242,41888,42244,41888,42290,41888,42292,41888,42238,41888,42240,41888,42278,41888,42280,41888,42282,41888,42284,41888,42254,41888,42256,41888,42294,41888,42296,41888,42274,41888,42276,41888,42286,41888,42288,41888,42258,41888,42260,41888,-156090,-156086,-156098,-156086,-156106,-156086,-156114,-156086,-156122,-156086,-156130,-156086,-156138,-156086,-156152,-156086,-156158,-156086,-156164,-156086,-156170,-156086,-156176,-156086,-156184,-156086,-156192,-156086,41860,41862,42348,41862,42350,41862,485748,473428]]}],"project-settings":[{"id":-1,"assetBundleId":-2,"data":[[["UnityEngine.EventSystems.EventSystem",-1000],["UnityEngine.UI.ToggleGroup",10],["TMPro.TextMeshPro",-105],["TMPro.TextMeshProUGUI",-100],["TMPro.TextContainer",-110]],[[0,"Default",0]],[[0,"Default"],[1,"TransparentFX"],[2,"Ignore Raycast"],[4,"Water"],[5,"UI"]],[0.0299999993294477,0.333333343267441,1,0.0500000007450581],[0,-9.8100004196167,0,6,2,0,1,[[0,0,0],[0,0,1],[0,0,2],[0,0,4],[0,0,5],[0,1,0],[0,1,1],[0,1,2],[0,1,4],[0,1,5],[0,2,0],[0,2,1],[0,2,2],[0,2,4],[0,2,5],[0,4,0],[0,4,1],[0,4,2],[0,4,4],[0,4,5],[0,5,0],[0,5,1],[0,5,2],[0,5,4],[0,5,5]]],[null,null,0,-9.8100004196167,3,8,1,0.200000002980232,8,100,360,0.200000002980232,0.75,0.5,0.00999999977648258,2,0.00999999977648258,1,1,1,1,1,0,[[0,0,0],[0,0,1],[0,0,2],[0,0,4],[0,0,5],[0,1,0],[0,1,1],[0,1,2],[0,1,4],[0,1,5],[0,2,0],[0,2,1],[0,2,2],[0,2,4],[0,2,5],[0,4,0],[0,4,1],[0,4,2],[0,4,4],[0,4,5],[0,5,0],[0,5,1],[0,5,2],[0,5,4],[0,5,5]]],[[[[],["Very Low","Low","Medium","High","Very High","Ultra"],0,0,0,0.300000011920929,1,15,0,1,0,0,0,1,1,1,2,4,0,0,0.333333343267441,0.0666666701436043,0.200000002980232,0.466666668653488,0,0,16,2,0,3,512,0,1,2,512,1,1024,0],[[],["Very Low","Low","Medium","High","Very High","Ultra"],0,0,0,0.400000005960464,1,20,0,1,0,0,0,1,1,0,2,16,0,0,0.333333343267441,0.0666666701436043,0.200000002980232,0.466666668653488,0,0,16,2,0,3,512,0,1,2,512,1,1024,1],[[],["Very Low","Low","Medium","High","Very High","Ultra"],1,1,0,0.699999988079071,1,20,0,1,0,0,0,1,1,0,2,64,1,0,0.333333343267441,0.0666666701436043,0.200000002980232,0.466666668653488,0,1,16,2,0,3,512,0,1,2,512,1,1024,2],[[],["Very Low","Low","Medium","High","Very High","Ultra"],2,1,0,1,2,40,1,1,1,0,1,1,1,0,2,256,2,1,0.333333343267441,0.0666666701436043,0.200000002980232,0.466666668653488,0,1,16,2,1,3,512,0,1,2,512,1,1024,3],[[],["Very Low","Low","Medium","High","Very High","Ultra"],2,2,2,1.5,2,70,1,1,2,1,1,1,1,0,2,1024,3,1,0.333333343267441,0.0666666701436043,0.200000002980232,0.466666668653488,0,1,16,2,1,3,512,0,1,2,512,1,1024,4],[[],["Very Low","Low","Medium","High","Very High","Ultra"],2,2,2,2,4,150,1,1,2,1,1,1,1,0,2,4096,4,1,0.333333343267441,0.0666666701436043,0.200000002980232,0.466666668653488,0,1,16,2,1,3,512,0,1,2,512,1,1024,5]],["Very Low","Low","Medium","High","Very High","Ultra"],2,2,2,2,4,150,1,1,2,1,1,1,1,0,2,4096,4,1,0.333333343267441,0.0666666701436043,0.200000002980232,0.466666668653488,0,1,16,2,1,3,512,0,1,2,512,1,1024,5],0,0,1,2,1,["Untagged","Respawn","Finish","EditorOnly","MainCamera","Player","GameController","Obstacle"]]}]}